assetId,productLine,assignmentStatus,generalName,sourceGeneralClasses,generalKey,skinName,localSkinId,localSkinMatched,role,skillName,lineText,sourceGeneralIds,sourceSkinIds,sourceSkillIds,localPath,sourceUrl
ol-00608b7f4e49f7e6fa9eff430bc48ca65da72ab075a5214f03454786764b2fc1,sanguosha-ol-web,unmapped,,,,,,no,unmapped,,,,,,src/CardGame.Wpf/Assets/Audio/Official/OL/officer/kaizhan.mp3,https://web.sanguosha.com/220/h5_2/res/runtime/pc/voice/officer/kaizhan.mp3
ol-01ecf82be1389c6f3bbcb13857957c47f111f8fbbba0b44cbeaeff8f7f914b8f,sanguosha-ol-web,verified,神关羽,GuanYuShen,shen-guan-yu,OL 默认配音（皮肤未对应）,,no,skill,武魂,拿命来！,201,-1,302,src/CardGame.Wpf/Assets/Audio/Official/OL/spell/201shenguanyu/1skill2_1.mp3,https://web.sanguosha.com/220/h5_2/res/runtime/pc/voice/spell/201shenguanyu/1skill2_1.mp3
ol-024131ac9cb4319d0e3a34e568b1e257a8053ce9374f6724a1f5b65be11d7e04,sanguosha-ol-web,verified,吕布,MoLvBu,,OL 默认配音（皮肤未对应）,,no,skill,狂魔,草芥，也配呼吸？,714,-1,3730,src/CardGame.Wpf/Assets/Audio/Official/OL/spell/714molvbu/1skill2_1.mp3,https://web.sanguosha.com/220/h5_2/res/runtime/pc/voice/spell/714molvbu/1skill2_1.mp3
ol-028e961d43115534f9d8859f2dd3cbe096cfa7ec18caaf0e3ad166432992ac2e,sanguosha-ol-web,verified,吕布,MoLvBu,,渊狱之煞*魔吕布,,no,skill,罡拳,此心澄澈，唯有拳意纵贯星河。,714,71401,3732,src/CardGame.Wpf/Assets/Audio/Official/OL/spell/714molvbu/2skill3_1.mp3,https://web.sanguosha.com/220/h5_2/res/runtime/pc/voice/spell/714molvbu/2skill3_1.mp3
ol-052871017d483e4e6d58cee08c3ddd9a72df671492c03ce36319c5b60f2e110b,sanguosha-ol-web,verified,孙策,SunCe;SunCePo,sun-ce,讨逆将军*孙策 / 情深意重*孙策 / 国色留符*孙策,,no,death,,竟被无名小辈暗算……,54;452,5404;5405;5408,,src/CardGame.Wpf/Assets/Audio/Official/OL/spell/54sunce/4dead01.mp3,https://web.sanguosha.com/220/h5_2/res/runtime/pc/voice/spell/54sunce/4dead01.mp3
ol-05662d8da8ac9f2330264c07ae5b2b1c24bb8264eeac5d59d7b9c6fd808bc716,sanguosha-ol-web,verified,曹昂,CaoAng,cao-ang,Q版形象*曹昂 / 取义成仁*曹昂 / 护父对敌*曹昂,,no,skill,慷忾,尔等叛贼，来一个，我杀一个！,122,12201;12204;12208,225,src/CardGame.Wpf/Assets/Audio/Official/OL/spell/122caoang/4skill1_1.mp3,https://web.sanguosha.com/220/h5_2/res/runtime/pc/voice/spell/122caoang/4skill1_1.mp3
ol-05c432e74d7794dd9a3a7b7519a9afc8bbec307c9a876b7096c231afebec014f,sanguosha-ol-web,verified,麹义,QuYi;QuYiPoker,,OL 默认配音（皮肤未对应）,,no,skill,伏骑,既来之，休走之！,374;8042,-1,374;43,src/CardGame.Wpf/Assets/Audio/Official/OL/spell/374quyi/1skill1_1.mp3,https://web.sanguosha.com/220/h5_2/res/runtime/pc/voice/spell/374quyi/1skill1_1.mp3
ol-0c910973e01dee55d4d86f8112711e196f70dd0fcf51b271612360eb582940c9,sanguosha-ol-web,verified,司马懿,SiMaYiShen,,OL 默认配音（皮肤未对应）,,no,skill,拜印,老骥伏枥，志在千里。,208,-1,319,src/CardGame.Wpf/Assets/Audio/Official/OL/spell/208shensimayi/1skill2_1.mp3,https://web.sanguosha.com/220/h5_2/res/runtime/pc/voice/spell/208shensimayi/1skill2_1.mp3
ol-0de2f5e51f86187d10021ce5a5306e13d18a8d6b0b9fd5e56a705af2c8ccf68e,sanguosha-ol-web,verified,孙策,SunCe;SunCePo,sun-ce,讨逆将军*孙策 / 情深意重*孙策 / 国色留符*孙策,,no,skill,英姿,举江东之重，决胜于两阵之间！,54;452,5404;5405;5408,55;712;14146,src/CardGame.Wpf/Assets/Audio/Official/OL/spell/54sunce/4skill4_1.mp3,https://web.sanguosha.com/220/h5_2/res/runtime/pc/voice/spell/54sunce/4skill4_1.mp3
ol-0eb8f1f8a181b0fbcf3484cca64fa903f45b21aae4e1e39c86dae19b5918fde5,sanguosha-ol-web,verified,司马懿,MoSiMaYi,,OL 默认配音（皮肤未对应）,,no,death,,哈哈哈哈哈哈，天数...我还是输给了天数？,710,-1,,src/CardGame.Wpf/Assets/Audio/Official/OL/spell/710mosimayi/1dead01.mp3,https://web.sanguosha.com/220/h5_2/res/runtime/pc/voice/spell/710mosimayi/1dead01.mp3
ol-0f4756836261ae9a3465581afe842c7b50b8fedb8cb04034f956f9876d2bea73,sanguosha-ol-web,verified,许攸,XuYouYin,,OL 默认配音（皮肤未对应）,,no,skill,恃才,阿瞒有我良计，取冀州便是易如反掌。,406,-1,815,src/CardGame.Wpf/Assets/Audio/Official/OL/spell/406xuyou/1skill2_2.mp3,https://web.sanguosha.com/220/h5_2/res/runtime/pc/voice/spell/406xuyou/1skill2_2.mp3
ol-0f4b0d1b3abfca9be7822b7b85e40936e2405ffa1683d321a99bf3afe37a2f21,sanguosha-ol-web,verified,徐盛,XuSheng;XuShengPo;GuoZhanXuSheng,,洞口之战*徐盛,,no,death,,末将，尽力了……,158;587;2063,15805,,src/CardGame.Wpf/Assets/Audio/Official/OL/spell/158xusheng/4dead01.mp3,https://web.sanguosha.com/220/h5_2/res/runtime/pc/voice/spell/158xusheng/4dead01.mp3
ol-126131782e0980c7e0836d22d09b74e645ba3852f94619b0eaf409ce2aeb7624,sanguosha-ol-web,verified,诸葛亮,ZhuGeLiangShen,,OL 默认配音（皮肤未对应）,,no,death,,今当远离，临表涕零，不知所言......,204,-1,,src/CardGame.Wpf/Assets/Audio/Official/OL/spell/204shenzhugeliang/1dead01.mp3,https://web.sanguosha.com/220/h5_2/res/runtime/pc/voice/spell/204shenzhugeliang/1dead01.mp3
ol-128b5f3d97c8da9a396d5297bb2d4fcb22e18f5d6bd2b48369c0f64fe6e51046,sanguosha-ol-web,verified,司马懿,MoSiMaYi,,OL 默认配音（皮肤未对应）,,no,skill,谋变,别跟我谈什么对错！我的灵魂，即是我的正义！,710,-1,3710,src/CardGame.Wpf/Assets/Audio/Official/OL/spell/710mosimayi/1skill2_1.mp3,https://web.sanguosha.com/220/h5_2/res/runtime/pc/voice/spell/710mosimayi/1skill2_1.mp3
ol-1301236181d9a0f05cbdc9c09f4069613892efe8e3aac4ee7bf13d194d898e1f,sanguosha-ol-web,verified,高顺,GaoShun,gao-shun,OL 默认配音（皮肤未对应）,,no,skill,陷阵,攻无不克，战无不胜。,152,-1,403,src/CardGame.Wpf/Assets/Audio/Official/OL/spell/152gaoshun/1skill1_1.mp3,https://web.sanguosha.com/220/h5_2/res/runtime/pc/voice/spell/152gaoshun/1skill1_1.mp3
ol-14590b30cbdd8f08df99a2db372a67131f6ea0927e70ab2c950a236e0e118ed1,sanguosha-ol-web,verified,马良,MaLiang,,OL 默认配音（皮肤未对应）,,no,skill,应援,接好嘞！,128,-1,384,src/CardGame.Wpf/Assets/Audio/Official/OL/spell/128maliang/1skill2_1.mp3,https://web.sanguosha.com/220/h5_2/res/runtime/pc/voice/spell/128maliang/1skill2_1.mp3
ol-14fd5b98957b942f0c1c9b0f56508465ac21e29ac9e76ef78ab40043715627e0,sanguosha-ol-web,verified,陆郁生,LuYuSheng,,橙黄橘丰*陆郁生,,no,skill,藏心,苍天薄我，我唯一笑报之。,562,56204,3314,src/CardGame.Wpf/Assets/Audio/Official/OL/spell/562luyusheng/5skill1_1.mp3,https://web.sanguosha.com/220/h5_2/res/runtime/pc/voice/spell/562luyusheng/5skill1_1.mp3
ol-152d12e8dcee38d6259cefbab627901576b7ec97c0514c329e41005ff7286cd6,sanguosha-ol-web,unmapped,,,,,,no,unmapped,,,,,,src/CardGame.Wpf/Assets/Audio/Official/OL/spelleffect/3d_1_6_spell2.wav,https://web.sanguosha.com/220/h5_2/res/runtime/pc/voice/spelleffect/3d_1_6_spell2.ogg
ol-16450dba559c577d2cca57ac2c8f0f20331e42735df0510019a906008e885759,sanguosha-ol-web,verified,吕玲绮,LvLingQi,,浮光掠影*吕玲绮,,no,skill,绮武,酿灼灼日光为酒，邀天地共此一盅清凉。,716,71602,3838,src/CardGame.Wpf/Assets/Audio/Official/OL/spell/716lvlingqi/3skill1_2.mp3,https://web.sanguosha.com/220/h5_2/res/runtime/pc/voice/spell/716lvlingqi/3skill1_2.mp3
ol-167c888544ac36d51ed7ed4b6583bf9ad55f5ea2a8c3bc147042ae40a1565975,sanguosha-ol-web,verified,,,,,,no,card,,,,,2,src/CardGame.Wpf/Assets/Audio/Official/OL/spell/card/2.1.2.mp3,https://web.sanguosha.com/220/h5_2/res/runtime/pc/voice/spell/card/2.1.2.mp3
ol-17615259753956907e5c2f9cfcc1bfc33a874f6ee040c5360adf484e86542c53,sanguosha-ol-web,verified,司马懿,SiMaYiShen,,三狼吞魏*神司马懿,,no,death,,这是结束，还是开始？,208,20801,,src/CardGame.Wpf/Assets/Audio/Official/OL/spell/208shensimayi/3dead01.mp3,https://web.sanguosha.com/220/h5_2/res/runtime/pc/voice/spell/208shensimayi/3dead01.mp3
ol-17badcf5c2e6949efa696bf0e8836e39d4f53cd765a46e939ac039b9d2742b3a,sanguosha-ol-web,verified,司马懿,MoSiMaYi,,傲睨九州*魔司马懿,,no,death,,时也、运也、命也,710,71001,,src/CardGame.Wpf/Assets/Audio/Official/OL/spell/710mosimayi/2dead01.mp3,https://web.sanguosha.com/220/h5_2/res/runtime/pc/voice/spell/710mosimayi/2dead01.mp3
ol-17c2064b4f00972c1e87ec8f260c84f8716e0d5a70b4f619e81d296c2aa665c6,sanguosha-ol-web,verified,赵云,ZhaoYunOnline,,OL 默认配音（皮肤未对应）,,no,skill,龙胆,吾乃常山赵子龙也！,108,-1,37,src/CardGame.Wpf/Assets/Audio/Official/OL/spell/108SPzhaoyun/1skill1_1.mp3,https://web.sanguosha.com/220/h5_2/res/runtime/pc/voice/spell/108SPzhaoyun/1skill1_1.mp3
ol-1be4d0cee68ee15006c04a42f448b8168530d49b734088e5f7f0c3d6bd8aafa2,sanguosha-ol-web,verified,许攸,XuYouYin;XuYou;MouXuYou,,献计投曹*许攸 / 引君许都*许攸,,no,skill,成略,胸有成竹，谋略连发。,406;4073;719,40601;40605,814,src/CardGame.Wpf/Assets/Audio/Official/OL/spell/406xuyou/3skill1_1.mp3,https://web.sanguosha.com/220/h5_2/res/runtime/pc/voice/spell/406xuyou/3skill1_1.mp3
ol-1cfb18a6aabd8fbe5555625641c1eda74e1800105415a3c3f2e95e86abf233f1,sanguosha-ol-web,verified,诸葛亮,ZhuGeLiangShen,,OL 默认配音（皮肤未对应）,,no,skill,七星,祈星辰之力，佑我蜀汉！,204,-1,307,src/CardGame.Wpf/Assets/Audio/Official/OL/spell/204shenzhugeliang/1skill1_1.mp3,https://web.sanguosha.com/220/h5_2/res/runtime/pc/voice/spell/204shenzhugeliang/1skill1_1.mp3
ol-1eebebfff62b29f722aeeb6ab9933984559fa009207a1184f781263ddeb9e83a,sanguosha-ol-web,verified,鲁肃,LuSuPo,,OL 默认配音（皮肤未对应）,,no,skill,缔盟,深知其奇，相与亲结。,485,-1,3036,src/CardGame.Wpf/Assets/Audio/Official/OL/spell/485jielusu/1skill2_1.mp3,https://web.sanguosha.com/220/h5_2/res/runtime/pc/voice/spell/485jielusu/1skill2_1.mp3
ol-1fd93ba413ebc8ef07fe5c555e27ae6a4306c82afbacc17f7affe2b257da001b,sanguosha-ol-web,verified,,,,,,no,card,,,,,16,src/CardGame.Wpf/Assets/Audio/Official/OL/spell/card/16.mp3,https://web.sanguosha.com/220/h5_2/res/runtime/pc/voice/spell/card/16.mp3
ol-2414b68d05a042fd02ed769afa46f8e84cf94413b9ec0de8003b6d24a0d715dd,sanguosha-ol-web,verified,吕布,LvBuShen,,战神金刚*神吕布,,no,death,,神魔之躯，亦难挡刀剑之力……,206,20601,,src/CardGame.Wpf/Assets/Audio/Official/OL/spell/206shenlvbu/4dead01.mp3,https://web.sanguosha.com/220/h5_2/res/runtime/pc/voice/spell/206shenlvbu/4dead01.mp3
ol-2464f76ae35e88d7a623a0def9232bbea2b064a713c407dc4d656f04d1b8ab8f,sanguosha-ol-web,verified,岑昏,CenHun,,OL 默认配音（皮肤未对应）,,no,skill,极奢,当再建新殿，扬我国威！,384,-1,769,src/CardGame.Wpf/Assets/Audio/Official/OL/spell/384cenhun/1skill1_2.mp3,https://web.sanguosha.com/220/h5_2/res/runtime/pc/voice/spell/384cenhun/1skill1_2.mp3
ol-254488625cf0354dce0462317da6c1bd451d7047499c24330911b7c75c6589c0,sanguosha-ol-web,verified,曹昂,CaoAng,cao-ang,Q版形象*曹昂 / 取义成仁*曹昂 / 护父对敌*曹昂,,no,skill,慷忾,父亲上马，孩儿随后便来。,122,12201;12204;12208,225,src/CardGame.Wpf/Assets/Audio/Official/OL/spell/122caoang/4skill1_2.mp3,https://web.sanguosha.com/220/h5_2/res/runtime/pc/voice/spell/122caoang/4skill1_2.mp3
ol-264e68ca823692fc56ba744274b59fc7170f6d2aa440917d8abafef85c9171ad,sanguosha-ol-web,unmapped,,,,,,no,unmapped,,,,,,src/CardGame.Wpf/Assets/Audio/Official/OL/diaoxue.mp3,https://web.sanguosha.com/220/h5_2/res/runtime/pc/voice/diaoxue.mp3
ol-26ba3ea81850f7f17acb4e972c634b28f23aa8db068c80c5396bf9466ae975ee,sanguosha-ol-web,verified,于吉,XinYuJi;YuJiPo;GuoZhanYuJi,,摄人心魄*于吉,,no,skill,缠怨,凡人皆有私怨。,211;449;2068,21104,470;885,src/CardGame.Wpf/Assets/Audio/Official/OL/spell/211yuji/5skill2_1.mp3,https://web.sanguosha.com/220/h5_2/res/runtime/pc/voice/spell/211yuji/5skill2_1.mp3
ol-273dda6640982aa5fe0b4f28788fe68d06fe1398ab454cff3a722816d75b5524,sanguosha-ol-web,unmapped,,,,,,no,unmapped,,,,,,src/CardGame.Wpf/Assets/Audio/Official/OL/spelleffect/3d_3_spell1.wav,https://web.sanguosha.com/220/h5_2/res/runtime/pc/voice/spelleffect/3d_3_spell1.ogg
ol-2773408dc1dfd71db922edc9c946d17d3d5956a42ad7e8b78d88e5a80e6ed662,sanguosha-ol-web,verified,吕玲绮,LvLingQi,,浮光掠影*吕玲绮,,no,death,,休沐日毕，下次沙场再见。,716,71602,,src/CardGame.Wpf/Assets/Audio/Official/OL/spell/716lvlingqi/3dead01.mp3,https://web.sanguosha.com/220/h5_2/res/runtime/pc/voice/spell/716lvlingqi/3dead01.mp3
ol-2b45c01a6a4ebbb14b081f628ce84a0b224e63fc8b661a1bac40ff14d8687a2d,sanguosha-ol-web,verified,,,,,,no,card,,,,,3;2902,src/CardGame.Wpf/Assets/Audio/Official/OL/spell/card/3.1.1.mp3,https://web.sanguosha.com/220/h5_2/res/runtime/pc/voice/spell/card/3.1.1.mp3
ol-2bc8a5cc9a8a04748c991b9b828e0cc05b919181b9a827895e8fe0ec94e9bcdf,sanguosha-ol-web,verified,诸葛亮,ZhuGeLiangShen,,Q版形象*神诸葛亮 / 观星唤雨*神诸葛亮,,no,skill,七星,伏望天恩，誓讨汉贼！,204,20401;20402,307,src/CardGame.Wpf/Assets/Audio/Official/OL/spell/204shenzhugeliang/3skill1_2.mp3,https://web.sanguosha.com/220/h5_2/res/runtime/pc/voice/spell/204shenzhugeliang/3skill1_2.mp3
ol-2c4a028e3646686f3c0a89b9a9551de5222e23e155ff093ba75058bbb2f147b4,sanguosha-ol-web,verified,吕布,MoLvBu,,OL 默认配音（皮肤未对应）,,no,skill,狂魔,骄狂纵意，天地唯我！,714,-1,3730,src/CardGame.Wpf/Assets/Audio/Official/OL/spell/714molvbu/1skill2_3.mp3,https://web.sanguosha.com/220/h5_2/res/runtime/pc/voice/spell/714molvbu/1skill2_3.mp3
ol-30ee9634850a5f8b22a0964ff000b99b40fdac30a88f1f78148bbc10781f43ca,sanguosha-ol-web,verified,马良,MaLiang,,OL 默认配音（皮肤未对应）,,no,skill,自书,慢着，让我来。,128,-1,383,src/CardGame.Wpf/Assets/Audio/Official/OL/spell/128maliang/1skill1_1.mp3,https://web.sanguosha.com/220/h5_2/res/runtime/pc/voice/spell/128maliang/1skill1_1.mp3
ol-3271ca5939bbc3854c416dcc10929d19b218c3c1a1e39401cdb181ca1f3c3c6b,sanguosha-ol-web,verified,诸葛亮,ZhuGeLiangShen,,赤壁唤风*神诸葛亮,,no,death,,七星灯灭，魂归九州。,204,20403,,src/CardGame.Wpf/Assets/Audio/Official/OL/spell/204shenzhugeliang/4dead01.mp3,https://web.sanguosha.com/220/h5_2/res/runtime/pc/voice/spell/204shenzhugeliang/4dead01.mp3
ol-32a3835f7e0d8a19025b063e3b57cf0ab47d433fd1217c851888cf3905d509f8,sanguosha-ol-web,verified,吕布,LvBuShen,,神愤天威*神吕布,,no,death,,不！我的力量无人能敌！,206,20603,,src/CardGame.Wpf/Assets/Audio/Official/OL/spell/206shenlvbu/2dead01.mp3,https://web.sanguosha.com/220/h5_2/res/runtime/pc/voice/spell/206shenlvbu/2dead01.mp3
ol-3463961c984033e3b826d5bcb18b8849cb0154a855e236d930918eb11ae2490d,sanguosha-ol-web,verified,张绣,ZhangXiu,,OL 默认配音（皮肤未对应）,,no,skill,雄乱,北地枭雄，乱世不败。,415,-1,830,src/CardGame.Wpf/Assets/Audio/Official/OL/spell/415zhangxiu/1skill1_2.mp3,https://web.sanguosha.com/220/h5_2/res/runtime/pc/voice/spell/415zhangxiu/1skill1_2.mp3
ol-3552ff95a207f92240aadc41224e38946e356564b193e17b50f31eb83c8047b8,sanguosha-ol-web,verified,诸葛亮,ZhuGeLiangShen,,OL 默认配音（皮肤未对应）,,no,skill,大雾,此计，可保你一时平安。,204,-1,309,src/CardGame.Wpf/Assets/Audio/Official/OL/spell/204shenzhugeliang/1skill3_1.mp3,https://web.sanguosha.com/220/h5_2/res/runtime/pc/voice/spell/204shenzhugeliang/1skill3_1.mp3
ol-384bad1da4488caa0517edd5c2b51325290163bffd9266109e60a4d1cf1b4b7c,sanguosha-ol-web,verified,马良,MaLiang,,文经勤类*马良 / 笔酣墨饱*马良,,no,skill,自书,此物于我已无用。,128,12802;12803,383;3664,src/CardGame.Wpf/Assets/Audio/Official/OL/spell/128maliang/4skill1_2.mp3,https://web.sanguosha.com/220/h5_2/res/runtime/pc/voice/spell/128maliang/4skill1_2.mp3
ol-38c20e363f96624c379c05e4369ea4c89aac910c2009923a2e8235f4e9534815,sanguosha-ol-web,verified,诸葛亮,ZhuGeLiangShen,,Q版形象*神诸葛亮 / 观星唤雨*神诸葛亮,,no,death,,天命，终究是在他的那边。,204,20401;20402,,src/CardGame.Wpf/Assets/Audio/Official/OL/spell/204shenzhugeliang/3dead01.mp3,https://web.sanguosha.com/220/h5_2/res/runtime/pc/voice/spell/204shenzhugeliang/3dead01.mp3
ol-3b0288e0b91acd5a668fce8931b8177a4c8a1d6927fd5903a6c8233b24aad623,sanguosha-ol-web,verified,麹义,QuYi,,OL 默认配音（皮肤未对应）,,no,skill,骄恣,今日之获，皆是吾之功劳。,374,-1,375,src/CardGame.Wpf/Assets/Audio/Official/OL/spell/374quyi/1skill2_1.mp3,https://web.sanguosha.com/220/h5_2/res/runtime/pc/voice/spell/374quyi/1skill2_1.mp3
ol-3b09c17051a995b7eab50c7097ab100c261af14d7a3bc901cd80cbf6be55dafe,sanguosha-ol-web,verified,司马懿,MoSiMaYi,,OL 默认配音（皮肤未对应）,,no,skill,谋变,无天无界，我就是天命！,710,-1,3710,src/CardGame.Wpf/Assets/Audio/Official/OL/spell/710mosimayi/1skill2_3.mp3,https://web.sanguosha.com/220/h5_2/res/runtime/pc/voice/spell/710mosimayi/1skill2_3.mp3
ol-3c27a07a4066c8fbe138ef7e7d801e6cd01997adb5736dda63f5db5e07fe195d,sanguosha-ol-web,verified,贾诩,JiaXu;JiaXuPo,jia-xu,谋定天下*贾诩,,no,skill,帷幕,狡兔尚有三窟，而况九尾狐乎？,48;484;663,4807,119;2117;9021;3189,src/CardGame.Wpf/Assets/Audio/Official/OL/spell/48jiaxu/6skill3_1.mp3,https://web.sanguosha.com/220/h5_2/res/runtime/pc/voice/spell/48jiaxu/6skill3_1.mp3
ol-3c367316dc039116fec00e84f19b6a9a3d76552f288b43298fe176721d105f9b,sanguosha-ol-web,verified,孙策,SunCe;SunCePo,sun-ce,讨逆将军*孙策 / 情深意重*孙策 / 国色留符*孙策,,no,skill,激昂,广阔天地，任我驰骋！,54;452,5404;5405;5408,130;3201;14152,src/CardGame.Wpf/Assets/Audio/Official/OL/spell/54sunce/4skill1_1.mp3,https://web.sanguosha.com/220/h5_2/res/runtime/pc/voice/spell/54sunce/4skill1_1.mp3
ol-3c397f894f5a06b67bb9df6eea0f4489820fc4e44a44b305d76aa5eb652ec9d8,sanguosha-ol-web,verified,徐盛,XuShengPo;XuSheng;GuoZhanXuSheng,,江东铁壁*界徐盛,,no,skill,破军,吾尚未尽全力，敌已亡命丧胆。,587;158;2063,58701,414;14112;3389,src/CardGame.Wpf/Assets/Audio/Official/OL/spell/587jiexusheng/2skill1_1.mp3,https://web.sanguosha.com/220/h5_2/res/runtime/pc/voice/spell/587jiexusheng/2skill1_1.mp3
ol-3da5b7a71b5918d49a0ef143f863ee2bef8a74302d441dc6b4f863a27e99dad9,sanguosha-ol-web,verified,许攸,XuYouYin,,OL 默认配音（皮肤未对应）,,no,skill,寸目,哼，目光所及，短寸之间。,406,-1,816,src/CardGame.Wpf/Assets/Audio/Official/OL/spell/406xuyou/1skill3_1.mp3,https://web.sanguosha.com/220/h5_2/res/runtime/pc/voice/spell/406xuyou/1skill3_1.mp3
ol-3ffe67d8f0272400be70ae9129895094bb700f77c3abdc7f58571080bccfef78,sanguosha-ol-web,verified,许攸,XuYouYin;XuYou;MouXuYou,,献计投曹*许攸 / 引君许都*许攸,,no,skill,成略,计谋万千，我皆可成。,406;4073;719,40601;40605,814,src/CardGame.Wpf/Assets/Audio/Official/OL/spell/406xuyou/3skill1_2.mp3,https://web.sanguosha.com/220/h5_2/res/runtime/pc/voice/spell/406xuyou/3skill1_2.mp3
ol-413e071c051331cf44e768cce392c842139ac3467920f25b4cb08df4707c3256,sanguosha-ol-web,verified,关兴张苞,XinGuanXingZhangBao;GuanXingZhangBaoPo,,肝胆相照*关兴张苞 / 得报父仇*关兴张苞,,no,skill,咆哮,喝啊！,188;690,18803;18806,34;939,src/CardGame.Wpf/Assets/Audio/Official/OL/spell/188guanxingzhangbao/3skill3_1.mp3,https://web.sanguosha.com/220/h5_2/res/runtime/pc/voice/spell/188guanxingzhangbao/3skill3_1.mp3
ol-430617994a9ad9b9bf9fab21fcc62aed2b3ebb0be68b559817bf66c5b0bb5178,sanguosha-ol-web,unmapped,,,,,,no,unmapped,,,,,,src/CardGame.Wpf/Assets/Audio/Official/OL/rogue1v1/ui_hufushop_show.mp3,https://web.sanguosha.com/220/h5_2/res/runtime/pc/voice/rogue1v1/ui_hufushop_show.mp3
ol-44edadb0b8b615396faac31353408d27639f4c7c44f01be00391589871a6ee48,sanguosha-ol-web,verified,陆郁生,LuYuSheng,,橙黄橘丰*陆郁生,,no,skill,润微,春风不解意，彩鸢知我情。,562,56204,3315,src/CardGame.Wpf/Assets/Audio/Official/OL/spell/562luyusheng/5skill2_1.mp3,https://web.sanguosha.com/220/h5_2/res/runtime/pc/voice/spell/562luyusheng/5skill2_1.mp3
ol-4542ce177039ca298301571e1d3a63e2fd8dbc010bdbe0897782e899660ce25e,sanguosha-ol-web,verified,许攸,XuYouYin;XuYou;MouXuYou,,献计投曹*许攸 / 引君许都*许攸,,no,death,,曹阿瞒，你。,406;4073;719,40601;40605,,src/CardGame.Wpf/Assets/Audio/Official/OL/spell/406xuyou/3dead01.mp3,https://web.sanguosha.com/220/h5_2/res/runtime/pc/voice/spell/406xuyou/3dead01.mp3
ol-469b7c9307b419b6cbae860c49ff8fb14c46914fca80bd00a666fcda4dc0d1aa,sanguosha-ol-web,verified,司马懿,SiMaYiShen,,OL 默认配音（皮肤未对应）,,no,skill,连破,一鼓作气，破敌制胜！,208,-1,320,src/CardGame.Wpf/Assets/Audio/Official/OL/spell/208shensimayi/1skill3_1.mp3,https://web.sanguosha.com/220/h5_2/res/runtime/pc/voice/spell/208shensimayi/1skill3_1.mp3
ol-46bcb346928efbf13fb2b3195e185c62d8bd96ff62579fe646972dbd1fbcc19e,sanguosha-ol-web,unmapped,,,,,,no,unmapped,,,,,,src/CardGame.Wpf/Assets/Audio/Official/OL/spell/card/300.1.mp3,https://web.sanguosha.com/220/h5_2/res/runtime/pc/voice/spell/card/300.1.mp3
ol-482a22ee1152d9417d0be9c2b921cd6271221504621372cb35e8759309cfc60e,sanguosha-ol-web,verified,神关羽,GuanYuShen,shen-guan-yu,关帝之魂*神关羽,,no,skill,武魂,不杀此人，何以雪恨！,201,20101,302,src/CardGame.Wpf/Assets/Audio/Official/OL/spell/201shenguanyu/3skill2_2.mp3,https://web.sanguosha.com/220/h5_2/res/runtime/pc/voice/spell/201shenguanyu/3skill2_2.mp3
ol-49e49f312726f6f2107e124b478e8390ec0560915963a459723566ac1da8c90b,sanguosha-ol-web,verified,张绣,ZhangXiu;GuoZhanZhangXiu;MouZhangXiu,,对月畅饮*张绣,,no,skill,雄乱,雄踞乱世，寻觅良机！,415;2081;687,41504,830;14116,src/CardGame.Wpf/Assets/Audio/Official/OL/spell/415zhangxiu/2skill1_2.mp3,https://web.sanguosha.com/220/h5_2/res/runtime/pc/voice/spell/415zhangxiu/2skill1_2.mp3
ol-4a8a3548bc70307799e760095935d34667ecc7ebc2ada9937edb263569b34391,sanguosha-ol-web,verified,吕布,LvBuShen,,OL 默认配音（皮肤未对应）,,no,skill,神愤,这，才是活生生的地狱。,206,-1,315,src/CardGame.Wpf/Assets/Audio/Official/OL/spell/206shenlvbu/1skill4_1.mp3,https://web.sanguosha.com/220/h5_2/res/runtime/pc/voice/spell/206shenlvbu/1skill4_1.mp3
ol-4b416546ef6ca140c6ac3c4b6067a2ddaf7c613ca0016a85ff13d0eca559737c,sanguosha-ol-web,verified,诸葛亮,ZhuGeLiangShen,,Q版形象*神诸葛亮 / 观星唤雨*神诸葛亮,,no,skill,七星,斗转星移，七星借命！,204,20401;20402,307,src/CardGame.Wpf/Assets/Audio/Official/OL/spell/204shenzhugeliang/3skill1_1.mp3,https://web.sanguosha.com/220/h5_2/res/runtime/pc/voice/spell/204shenzhugeliang/3skill1_1.mp3
ol-4ea944c7d6a857ca7fb56d8fd4b19bc3127250b4b7ea5f9c90ce20db01c90834,sanguosha-ol-web,verified,吕布,LvBuShen,,OL 默认配音（皮肤未对应）,,no,death,,我在修罗炼狱等着你们！,206,-1,,src/CardGame.Wpf/Assets/Audio/Official/OL/spell/206shenlvbu/1dead01.mp3,https://web.sanguosha.com/220/h5_2/res/runtime/pc/voice/spell/206shenlvbu/1dead01.mp3
ol-50377c4ac4705d34245ff2daf9b2564733ed26257b7058106b1873ac23804f18,sanguosha-ol-web,verified,关索,GuanSuo,,OL 默认配音（皮肤未对应）,,no,skill,征南,索全凭丞相差遣，万死不辞！,349,-1,278,src/CardGame.Wpf/Assets/Audio/Official/OL/spell/349guansuo/1skill1_1.mp3,https://web.sanguosha.com/220/h5_2/res/runtime/pc/voice/spell/349guansuo/1skill1_1.mp3
ol-516a1b6271dd2156650ba605769041941491c8c3cac0ab4bcbf485ae471253ff,sanguosha-ol-web,verified,贾诩,JiaXu;JiaXuPo,jia-xu,谋定天下*贾诩,,no,skill,乱武,愚蠢的凡人，自相残杀吧！,48;484;663,4807,118;3190;14178,src/CardGame.Wpf/Assets/Audio/Official/OL/spell/48jiaxu/6skill2_1.mp3,https://web.sanguosha.com/220/h5_2/res/runtime/pc/voice/spell/48jiaxu/6skill2_1.mp3
ol-5825daf9f74df5d2a0395a3b0c4b8ac9a80f4c057770bbdce4a9d7c0d14e69dd,sanguosha-ol-web,verified,,,,,,no,card,,,,,83,src/CardGame.Wpf/Assets/Audio/Official/OL/spell/card/83.1.2.mp3,https://web.sanguosha.com/220/h5_2/res/runtime/pc/voice/spell/card/83.1.2.mp3
ol-5a668c79a7b3eeb43d0393dd3f50a8e635cea5784a68c31970526de3173000a7,sanguosha-ol-web,verified,孙策,SunCe;SunCePo,sun-ce,讨逆将军*孙策 / 情深意重*孙策 / 国色留符*孙策,,no,skill,魂姿,平定三郡，并非难事。|哈哈哈哈哈哈~,54;452,5404;5405;5408,131;896;3202;14153,src/CardGame.Wpf/Assets/Audio/Official/OL/spell/54sunce/4skill2_1.mp3,https://web.sanguosha.com/220/h5_2/res/runtime/pc/voice/spell/54sunce/4skill2_1.mp3
ol-5a8e4f2f4d3708c9d835090281e9fe8c3d830a1e0b354152105dc829ada510af,sanguosha-ol-web,verified,关兴张苞,XinGuanXingZhangBao;GuanXingZhangBaoPo,,肝胆相照*关兴张苞 / 得报父仇*关兴张苞,,no,skill,父魂,虎父无犬子，将门无懦夫！,188;690,18803;18806,425;473;3651,src/CardGame.Wpf/Assets/Audio/Official/OL/spell/188guanxingzhangbao/3skill1_1.mp3,https://web.sanguosha.com/220/h5_2/res/runtime/pc/voice/spell/188guanxingzhangbao/3skill1_1.mp3
ol-5ac46ec121995f10d93d1b5e02e778b9606e434a31d03832ddc8fd5aef68c3b6,sanguosha-ol-web,verified,许攸,XuYouYin;XuYou;MouXuYou,,献计于曹*许攸,,no,skill,成略,若取乌巢焚其粮，袁贼还可坚守几许？,406;4073;719,40603,814,src/CardGame.Wpf/Assets/Audio/Official/OL/spell/406xuyou/5skill1_1.mp3,https://web.sanguosha.com/220/h5_2/res/runtime/pc/voice/spell/406xuyou/5skill1_1.mp3
ol-5bd08b6e52856dd5b74514fd2b89d2f1149cf31927b9d0a9776f256f83ba3e1f,sanguosha-ol-web,verified,司马懿,SiMaYiShen,,三狼吞魏*神司马懿,,no,skill,连破,机不可失，时不再来。,208,20801,320,src/CardGame.Wpf/Assets/Audio/Official/OL/spell/208shensimayi/3skill3_2.mp3,https://web.sanguosha.com/220/h5_2/res/runtime/pc/voice/spell/208shensimayi/3skill3_2.mp3
ol-5dd18fb86dcdebe840f214a7e9247bd6fe4c5dfa70c6d9cab072b8f2cc0a51cc,sanguosha-ol-web,verified,吕布,MoLvBu,,渊狱之煞*魔吕布,,no,skill,夺炁,便以弹指之力，一试汝之成色。,714,71401,3731,src/CardGame.Wpf/Assets/Audio/Official/OL/spell/714molvbu/2skill1_1.mp3,https://web.sanguosha.com/220/h5_2/res/runtime/pc/voice/spell/714molvbu/2skill1_1.mp3
ol-5e89b149402046707fedb641ffca0ea02ab6f80eacfd4aaa335f304e57f902ec,sanguosha-ol-web,verified,吕布,MoLvBu,,渊狱之煞*魔吕布,,no,skill,狂魔,凶狂昭扬，何惧天下共伐。,714,71401,3730,src/CardGame.Wpf/Assets/Audio/Official/OL/spell/714molvbu/2skill2_2.mp3,https://web.sanguosha.com/220/h5_2/res/runtime/pc/voice/spell/714molvbu/2skill2_2.mp3
ol-5f4b467fc8e31aec0f894d1d4890233bb1dc94fa60c31e7387fc61aa980296a4,sanguosha-ol-web,verified,张绣,ZhangXiu;MouZhangXiu,,龙骧虎视*张绣,,no,skill,从谏,谏言良策，多多益善。,415;687,41501,831;948,src/CardGame.Wpf/Assets/Audio/Official/OL/spell/415zhangxiu/3skill2_1.mp3,https://web.sanguosha.com/220/h5_2/res/runtime/pc/voice/spell/415zhangxiu/3skill2_1.mp3
ol-6018f271a3ee0346fcbc018c3b8816da7a73ee91195fe7d111c94034417788d1,sanguosha-ol-web,verified,许攸,XuYouYin;XuYou;MouXuYou,,献计投曹*许攸 / 引君许都*许攸,,no,skill,恃才,才学满溢，有恃无恐！,406;4073;719,40601;40605,815;1176;14163,src/CardGame.Wpf/Assets/Audio/Official/OL/spell/406xuyou/3skill2_1.mp3,https://web.sanguosha.com/220/h5_2/res/runtime/pc/voice/spell/406xuyou/3skill2_1.mp3
ol-60998888112f7e7a9e6c40ef9b22020d40999ffcd530924da2c5879b0200ff00,sanguosha-ol-web,verified,,,,,,no,card,,,,,13,src/CardGame.Wpf/Assets/Audio/Official/OL/spell/card/13.1.2.mp3,https://web.sanguosha.com/220/h5_2/res/runtime/pc/voice/spell/card/13.1.2.mp3
ol-61710d16ebb16bf741351ad46d21db5ec475eafb810c64cae07487d76626aebc,sanguosha-ol-web,verified,马良,MaLiang,,OL 默认配音（皮肤未对应）,,no,skill,自书,身外之物，不要也罢。,128,-1,383,src/CardGame.Wpf/Assets/Audio/Official/OL/spell/128maliang/1skill1_2.mp3,https://web.sanguosha.com/220/h5_2/res/runtime/pc/voice/spell/128maliang/1skill1_2.mp3
ol-6213bb9bc25b9abfb23d44cb9775033a9f0cce63fd7b360c6ad39e9d5672856b,sanguosha-ol-web,unmapped,,,,,,no,unmapped,,,,,,src/CardGame.Wpf/Assets/Audio/Official/OL/bgm/BGM_PaiWei.mp3,https://web.sanguosha.com/220/h5_2/res/runtime/pc/voice/bgm/BGM_PaiWei.mp3
ol-62ea707bd989c72ed2167dbbc122bc76199b2d47926971d80c7e66c04fb8f51d,sanguosha-ol-web,verified,许攸,XuYouYin,,OL 默认配音（皮肤未对应）,,no,skill,寸目,狭目之见，只能窥底。,406,-1,816,src/CardGame.Wpf/Assets/Audio/Official/OL/spell/406xuyou/1skill3_2.mp3,https://web.sanguosha.com/220/h5_2/res/runtime/pc/voice/spell/406xuyou/1skill3_2.mp3
ol-654b6e45e5b06ba8ee958ae190c5a0752d6130baeaf838bb9c94261eb8d763de,sanguosha-ol-web,verified,于吉,XinYuJi;YuJiPo;GuoZhanYuJi,,摄人心魄*于吉,,no,skill,蛊惑,揣度[duó]人心，难哪！,211;449;2068,21104,81;469;884,src/CardGame.Wpf/Assets/Audio/Official/OL/spell/211yuji/5skill1_1.mp3,https://web.sanguosha.com/220/h5_2/res/runtime/pc/voice/spell/211yuji/5skill1_1.mp3
ol-6712a7a71d8b868f528514298d9840948537012f5daa57c11c954579fca062d0,sanguosha-ol-web,verified,吕布,MoLvBu,,OL 默认配音（皮肤未对应）,,no,death,,人间无敌，该去地狱挑战了……,714,-1,,src/CardGame.Wpf/Assets/Audio/Official/OL/spell/714molvbu/1dead01.mp3,https://web.sanguosha.com/220/h5_2/res/runtime/pc/voice/spell/714molvbu/1dead01.mp3
ol-691cd36d488df45a21012c621a3aae3e16926437f943f3946c4095a56c02a6e5,sanguosha-ol-web,verified,张绣,ZhangXiu,,OL 默认配音（皮肤未对应）,,no,skill,从谏,听君谏言，去危亡，保宗祀。,415,-1,831,src/CardGame.Wpf/Assets/Audio/Official/OL/spell/415zhangxiu/1skill2_2.mp3,https://web.sanguosha.com/220/h5_2/res/runtime/pc/voice/spell/415zhangxiu/1skill2_2.mp3
ol-6934d67996730edb1e7508bfdc9e1caa83d7f9f0ebb4acd97a695c42395e733b,sanguosha-ol-web,verified,吕布,MoLvBu,,渊狱之煞*魔吕布,,no,skill,罡拳,舍我血肉，以登极武之巅。,714,71401,3732,src/CardGame.Wpf/Assets/Audio/Official/OL/spell/714molvbu/2skill3_2.mp3,https://web.sanguosha.com/220/h5_2/res/runtime/pc/voice/spell/714molvbu/2skill3_2.mp3
ol-69ebc070aeec35482da275abb967a67524d66ecbf6f760ea06cdb2052aca6881,sanguosha-ol-web,verified,鲁肃,LuSuPo,,OL 默认配音（皮肤未对应）,,no,death,,一生为国，纵死无憾！,485,-1,,src/CardGame.Wpf/Assets/Audio/Official/OL/spell/485jielusu/1dead01.mp3,https://web.sanguosha.com/220/h5_2/res/runtime/pc/voice/spell/485jielusu/1dead01.mp3
ol-6a4dd20e115671116dccbf0d3fd686f2a5e84065294c9785a9044d0085b6ec69,sanguosha-ol-web,verified,孙权,SunQuanShen,,OL 默认配音（皮肤未对应）,,no,skill,权道,继策掌权，符令吴会。,226,-1,3184,src/CardGame.Wpf/Assets/Audio/Official/OL/spell/226shensunquan/1skill6_1.mp3,https://web.sanguosha.com/220/h5_2/res/runtime/pc/voice/spell/226shensunquan/1skill6_1.mp3
ol-6bf6a9b408e469f0203bc4f709e8e1ff5d1ac23174d822e885823ff3c74f0d1a,sanguosha-ol-web,verified,司马懿,SiMaYiShen,,OL 默认配音（皮肤未对应）,,no,death,,鼎足三分已成梦，一切都结束了。,208,-1,,src/CardGame.Wpf/Assets/Audio/Official/OL/spell/208shensimayi/1dead01.mp3,https://web.sanguosha.com/220/h5_2/res/runtime/pc/voice/spell/208shensimayi/1dead01.mp3
ol-6cdfa37a57a214a1339bff8a03eff17a4df41aec18c79a99eec90f8359d87f09,sanguosha-ol-web,verified,许攸,XuYouYin;XuYou;MouXuYou,,烽火燎袁*许攸,,no,skill,成略,阁下勿忧，吾早有良策在胸。,406;4073;719,40606,814,src/CardGame.Wpf/Assets/Audio/Official/OL/spell/406xuyou/6skill1_1.mp3,https://web.sanguosha.com/220/h5_2/res/runtime/pc/voice/spell/406xuyou/6skill1_1.mp3
ol-6e65e081fbd71643169ac828335daafee56add2d5df90c5de8ced8102dd36d3a,sanguosha-ol-web,verified,徐盛,XuShengPo;XuSheng;GuoZhanXuSheng,,破军杀将*界徐盛,,no,skill,破军,战将临阵，斩关刈城,587;158;2063,58702,414;14112;3389,src/CardGame.Wpf/Assets/Audio/Official/OL/spell/587jiexusheng/3skill1_1.mp3,https://web.sanguosha.com/220/h5_2/res/runtime/pc/voice/spell/587jiexusheng/3skill1_1.mp3
ol-6ed707b57768d8536e5ec9454c1c04afd5b496b90f9d68a8fa7bc790845cbdae,sanguosha-ol-web,verified,,,,,,no,battle,,,,,,src/CardGame.Wpf/Assets/Audio/Official/OL/bgm/BackGroundMusic02.mp3,https://web.sanguosha.com/220/h5_2/res/runtime/pc/voice/bgm/BackGroundMusic02.mp3
ol-6ee49d107dd3ec81643530f4398050c8c233a8f884f00fecf506d33334e91ff4,sanguosha-ol-web,verified,吕布,MoLvBu,,OL 默认配音（皮肤未对应）,,no,skill,夺炁,你的脊梁，不堪一击！,714,-1,3731,src/CardGame.Wpf/Assets/Audio/Official/OL/spell/714molvbu/1skill1_2.mp3,https://web.sanguosha.com/220/h5_2/res/runtime/pc/voice/spell/714molvbu/1skill1_2.mp3
ol-6eea8a8724dbcf5a46780ebdf13264b153623aa2664d27d7fe7ab3cf78d4afa6,sanguosha-ol-web,verified,贾诩,JiaXu;JiaXuPo,jia-xu,谋定天下*贾诩,,no,death,,终究没能在乱世……善终……,48;484;663,4807,,src/CardGame.Wpf/Assets/Audio/Official/OL/spell/48jiaxu/6dead01.mp3,https://web.sanguosha.com/220/h5_2/res/runtime/pc/voice/spell/48jiaxu/6dead01.mp3
ol-6f3db61b3f6c0871e8fd9b6a6f04c0fce0eef06711972d309c3c9e28f1c419f4,sanguosha-ol-web,verified,麹义,QuYi,,突阵奋威*麴义,,no,skill,骄恣,先登兵锋无匹，幽州手到擒来！,374,37407,375;14171,src/CardGame.Wpf/Assets/Audio/Official/OL/spell/374quyi/5skill2_1.mp3,https://web.sanguosha.com/220/h5_2/res/runtime/pc/voice/spell/374quyi/5skill2_1.mp3
ol-727a3fc01c344dedf4ebd6291f72d1ddac2033ed63308254ee2aa9c0c0358294,sanguosha-ol-web,verified,徐盛,XuShengPo;JieXuShengPoker,,OL 默认配音（皮肤未对应）,,no,skill,破军,若敢来犯，必叫你大败而归,587;8045,-1,3389;46,src/CardGame.Wpf/Assets/Audio/Official/OL/spell/587jiexusheng/1skill1_2.mp3,https://web.sanguosha.com/220/h5_2/res/runtime/pc/voice/spell/587jiexusheng/1skill1_2.mp3
ol-728eeddf26386e22dd4d34223127e0afc4b68d35143da74fb42a039fa9612393,sanguosha-ol-web,verified,许攸,XuYouYin,,OL 默认配音（皮肤未对应）,,no,skill,恃才,吾才满腹，袁本初竟不从之！,406,-1,815,src/CardGame.Wpf/Assets/Audio/Official/OL/spell/406xuyou/1skill2_1.mp3,https://web.sanguosha.com/220/h5_2/res/runtime/pc/voice/spell/406xuyou/1skill2_1.mp3
ol-72a11bf4b6f264a3d663856d858d8bec729b5771a88a7c1cdc72e2672fe37073,sanguosha-ol-web,verified,许攸,XuYouYin;XuYou;MouXuYou,,献计于曹*许攸,,no,skill,成略,大略如此，明公速行勿疑。,406;4073;719,40603,814,src/CardGame.Wpf/Assets/Audio/Official/OL/spell/406xuyou/5skill1_2.mp3,https://web.sanguosha.com/220/h5_2/res/runtime/pc/voice/spell/406xuyou/5skill1_2.mp3
ol-72ebbf35488eb663125b2546b25c2c1c225a78b603d31121e25383e8f26cc180,sanguosha-ol-web,verified,关兴张苞,GuanXingZhangBaoPo,,OL 默认配音（皮肤未对应）,,no,skill,咆哮,当阳桥头雷未绝，祁山阵前再显威！,690,-1,939,src/CardGame.Wpf/Assets/Audio/Official/OL/spell/690jieguanxingzhangbao/1skill3_1.mp3,https://web.sanguosha.com/220/h5_2/res/runtime/pc/voice/spell/690jieguanxingzhangbao/1skill3_1.mp3
ol-733d51c70fb000ef7e20e52f5ac428bcc313102e075ceb90acc85ed396a5dfb7,sanguosha-ol-web,verified,司马懿,SiMaYiShen,,三狼吞魏*神司马懿,,no,skill,放逐,老夫特来送你一程。,208,20801,106,src/CardGame.Wpf/Assets/Audio/Official/OL/spell/208shensimayi/3skill6_1.mp3,https://web.sanguosha.com/220/h5_2/res/runtime/pc/voice/spell/208shensimayi/3skill6_1.mp3
ol-78cd6cc739cd36d3eeabff16c227a996971230606ca1584060764375f85a6bc6,sanguosha-ol-web,verified,张绣,ZhangXiu;GuoZhanZhangXiu;MouZhangXiu,,对月畅饮*张绣,,no,death,,曹贼，你竟做出……,415;2081;687,41504,,src/CardGame.Wpf/Assets/Audio/Official/OL/spell/415zhangxiu/2dead01.mp3,https://web.sanguosha.com/220/h5_2/res/runtime/pc/voice/spell/415zhangxiu/2dead01.mp3
ol-797f8f2a1eff2dc0488c9511781cb38664be55666935a2b3d3496a1ac0571181,sanguosha-ol-web,verified,司马懿,SiMaYiShen,,OL 默认配音（皮肤未对应）,,no,skill,放逐,赦你死罪，你去吧！,208,-1,106,src/CardGame.Wpf/Assets/Audio/Official/OL/spell/208shensimayi/1skill6_1.mp3,https://web.sanguosha.com/220/h5_2/res/runtime/pc/voice/spell/208shensimayi/1skill6_1.mp3
ol-7ac09b8749b581fa62da754bc2fce26e1ccf0cfa6cd6ab912a5f7dbb14838cfd,sanguosha-ol-web,verified,许攸,XuYouYin,,OL 默认配音（皮肤未对应）,,no,death,,阿瞒，没有我，你得不到冀州啊！,406,-1,,src/CardGame.Wpf/Assets/Audio/Official/OL/spell/406xuyou/1dead01.mp3,https://web.sanguosha.com/220/h5_2/res/runtime/pc/voice/spell/406xuyou/1dead01.mp3
ol-7ac94e9e9d267dd9a514f465f00daf295a923164df504977a1861d8f71ca039a,sanguosha-ol-web,verified,司马懿,SiMaYiShen,,三狼吞魏*神司马懿,,no,skill,鬼才,是福不是祸，是祸躲不过。,208,20801,48;719,src/CardGame.Wpf/Assets/Audio/Official/OL/spell/208shensimayi/3skill5_1.mp3,https://web.sanguosha.com/220/h5_2/res/runtime/pc/voice/spell/208shensimayi/3skill5_1.mp3
ol-7ae40d744cbf2e5334c0f2cd96da1123cff133f7233e657390b3cff6c56ade0c,sanguosha-ol-web,verified,司马懿,SiMaYiShen,,权控三势*神司马懿,,no,skill,鬼才,翻云覆雨，神鬼难测。,208,20802,48;719,src/CardGame.Wpf/Assets/Audio/Official/OL/spell/208shensimayi/4skill5_1.mp3,https://web.sanguosha.com/220/h5_2/res/runtime/pc/voice/spell/208shensimayi/4skill5_1.mp3
ol-7b233a9f45a80a05952afbd384bec44b1d30b0314d585a3954392765855e6ece,sanguosha-ol-web,verified,司马懿,SiMaYiShen,,OL 默认配音（皮肤未对应）,,no,skill,完杀,天要亡你，谁人能救？,208,-1,9019,src/CardGame.Wpf/Assets/Audio/Official/OL/spell/208shensimayi/1skill9_1.mp3,https://web.sanguosha.com/220/h5_2/res/runtime/pc/voice/spell/208shensimayi/1skill9_1.mp3
ol-7b92b8fa4e721818558b660eee90c5c045f08f1fd3181423877ab8ec1849fc18,sanguosha-ol-web,verified,马良,MaLiang,,白眉智士*马良,,no,skill,应援,取之不尽，用之不竭。,128,12801,384,src/CardGame.Wpf/Assets/Audio/Official/OL/spell/128maliang/3skill2_1.mp3,https://web.sanguosha.com/220/h5_2/res/runtime/pc/voice/spell/128maliang/3skill2_1.mp3
ol-7faf202374cddf134c09dc0d1b5059b003b468ad2244d663f025bcfe0b75dc00,sanguosha-ol-web,verified,司马懿,SiMaYiShen,,三狼吞魏*神司马懿,,no,skill,制衡,老夫需再做权衡。,208,20801,53;872;14149;3979;3994,src/CardGame.Wpf/Assets/Audio/Official/OL/spell/208shensimayi/3skill8_1.mp3,https://web.sanguosha.com/220/h5_2/res/runtime/pc/voice/spell/208shensimayi/3skill8_1.mp3
ol-834a0d22a45c57cd504952c667e518a042fd12f48776a2b2806502b44f397571,sanguosha-ol-web,verified,麹义,QuYi;QuYiPoker,,OL 默认配音（皮肤未对应）,,no,skill,伏骑,白马？哼！定叫他有来无回！,374;8042,-1,374;43,src/CardGame.Wpf/Assets/Audio/Official/OL/spell/374quyi/1skill1_2.mp3,https://web.sanguosha.com/220/h5_2/res/runtime/pc/voice/spell/374quyi/1skill1_2.mp3
ol-837dd573ba1c6175912babeaa010f85dc76ca203cd72133a6d759ebdd8136d8c,sanguosha-ol-web,verified,徐盛,XuShengPo;XuSheng;GuoZhanXuSheng,,江东铁壁*界徐盛,,no,death,,长江犹在，铁壁已残。,587;158;2063,58701,,src/CardGame.Wpf/Assets/Audio/Official/OL/spell/587jiexusheng/2dead01.mp3,https://web.sanguosha.com/220/h5_2/res/runtime/pc/voice/spell/587jiexusheng/2dead01.mp3
ol-84419765756d078f86495413149491b0e96af331eefbdffa0768582b0eca13cb,sanguosha-ol-web,unmapped,,,,,,no,unmapped,,,,,,src/CardGame.Wpf/Assets/Audio/Official/OL/rogue1v1/ui_hufushop_buy.mp3,https://web.sanguosha.com/220/h5_2/res/runtime/pc/voice/rogue1v1/ui_hufushop_buy.mp3
ol-87e827ba6aee18062aec360e2c157b1d68c549dcfd4125da7db2aba974bf8839,sanguosha-ol-web,verified,徐盛,XuShengPo;XuSheng;GuoZhanXuSheng,,江东铁壁*界徐盛,,no,skill,破军,知我在此，安敢来犯！,587;158;2063,58701,414;14112;3389,src/CardGame.Wpf/Assets/Audio/Official/OL/spell/587jiexusheng/2skill1_2.mp3,https://web.sanguosha.com/220/h5_2/res/runtime/pc/voice/spell/587jiexusheng/2skill1_2.mp3
ol-88350a45117e29b1b4c0504413bb24246a6daafd8b0c47d2180e34451bbbde6c,sanguosha-ol-web,verified,张绣,ZhangXiu,,OL 默认配音（皮肤未对应）,,no,death,,若失文和，吾将何归？,415,-1,,src/CardGame.Wpf/Assets/Audio/Official/OL/spell/415zhangxiu/1dead01.mp3,https://web.sanguosha.com/220/h5_2/res/runtime/pc/voice/spell/415zhangxiu/1dead01.mp3
ol-8849a2514d75d48edd88bfa41e5336b1122fb3c5e092cedd6a360ea3d3bde41c,sanguosha-ol-web,verified,吕玲绮,LvLingQi,,浮光掠影*吕玲绮,,no,skill,妆戎,我携清风下酒，何须琉璃杯、黄金台。,716,71602,3839,src/CardGame.Wpf/Assets/Audio/Official/OL/spell/716lvlingqi/3skill2_1.mp3,https://web.sanguosha.com/220/h5_2/res/runtime/pc/voice/spell/716lvlingqi/3skill2_1.mp3
ol-88edb9b1e3872b84dcf921792ebaf34f72b1a9ef9704e6051117f24b4fe7e9dd,sanguosha-ol-web,verified,许攸,XuYouYin,,OL 默认配音（皮肤未对应）,,no,skill,成略,吾有良略在怀，必为阿瞒所需。,406,-1,814,src/CardGame.Wpf/Assets/Audio/Official/OL/spell/406xuyou/1skill1_2.mp3,https://web.sanguosha.com/220/h5_2/res/runtime/pc/voice/spell/406xuyou/1skill1_2.mp3
ol-892fc74f2b04926ede8bff044a2eb087606b19eaa16c0a7cc9001c0b0bc443ee,sanguosha-ol-web,verified,吕布,MoLvBu,,渊狱之煞*魔吕布,,no,death,,此身泯灭，亦为鬼雄。,714,71401,,src/CardGame.Wpf/Assets/Audio/Official/OL/spell/714molvbu/2dead01.mp3,https://web.sanguosha.com/220/h5_2/res/runtime/pc/voice/spell/714molvbu/2dead01.mp3
ol-89e5f3dfb9972c3a3dec08d2b4bf94e73fc0fe84945668916c75dd105c7d90df,sanguosha-ol-web,verified,司马懿,SiMaYiShen,,权控三势*神司马懿,,no,skill,集智,心念所至，无不如愿。,208,20802,39;870,src/CardGame.Wpf/Assets/Audio/Official/OL/spell/208shensimayi/4skill7_1.mp3,https://web.sanguosha.com/220/h5_2/res/runtime/pc/voice/spell/208shensimayi/4skill7_1.mp3
ol-8d9d2315df236f89005ce9541d7706c93544aa8c1719ed0258564367bfe1cb29,sanguosha-ol-web,verified,关兴张苞,XinGuanXingZhangBao;GuanXingZhangBaoPo,,肝胆相照*关兴张苞 / 得报父仇*关兴张苞,,no,skill,武圣,武圣战魂，血脉尚存！,188;690,18803;18806,33;878;14204,src/CardGame.Wpf/Assets/Audio/Official/OL/spell/188guanxingzhangbao/3skill2_1.mp3,https://web.sanguosha.com/220/h5_2/res/runtime/pc/voice/spell/188guanxingzhangbao/3skill2_1.mp3
ol-8da4925b7c598c99583f866e07f318776afa0b92062f2d5d71a25fa737f3c3a0,sanguosha-ol-web,verified,赵云,ZhaoYunOnline,,神乎其技*SP赵云,,no,skill,龙胆,骁将，岂能无胆？,108,10805,37;940,src/CardGame.Wpf/Assets/Audio/Official/OL/spell/108SPzhaoyun/5skill1_2.mp3,https://web.sanguosha.com/220/h5_2/res/runtime/pc/voice/spell/108SPzhaoyun/5skill1_2.mp3
ol-8dd9298755102185862634f28d68615c6676657d9067e9e4ab4de49d01cf35b7,sanguosha-ol-web,verified,于吉,XinYuJi;YuJiPo;GuoZhanYuJi,,摄人心魄*于吉,,no,skill,蛊惑,心之所向，势不可挡！,211;449;2068,21104,81;469;884,src/CardGame.Wpf/Assets/Audio/Official/OL/spell/211yuji/5skill1_2.mp3,https://web.sanguosha.com/220/h5_2/res/runtime/pc/voice/spell/211yuji/5skill1_2.mp3
ol-8e16c669c3893ecb86a120dcefb38b99eda796aafc3969830d739c7cce849c50,sanguosha-ol-web,verified,孙权,SunQuanShen,,OL 默认配音（皮肤未对应）,,no,skill,驭衡,权术妙用，存乎一心。,226,-1,3182,src/CardGame.Wpf/Assets/Audio/Official/OL/spell/226shensunquan/1skill2_1.mp3,https://web.sanguosha.com/220/h5_2/res/runtime/pc/voice/spell/226shensunquan/1skill2_1.mp3
ol-8fa189c1d07ea4f472f6f4cc94b556f58d23d2e6916f9acd91bd61e8437a8bfb,sanguosha-ol-web,verified,司马懿,SiMaYiShen,,权控三势*神司马懿,,no,skill,忍戒,忍而戒骄，然后能公。,208,20802,318;14192,src/CardGame.Wpf/Assets/Audio/Official/OL/spell/208shensimayi/4skill1_2.mp3,https://web.sanguosha.com/220/h5_2/res/runtime/pc/voice/spell/208shensimayi/4skill1_2.mp3
ol-90a42464d80c5acc4acb970d58e6e106b1c35c9d439cf85023c593b600c4d7a2,sanguosha-ol-web,verified,黄忠,HuangZhongShen,,OL 默认配音（皮肤未对应）,,no,skill,神御,神兵应召，万里归鞘。,230,-1,7127,src/CardGame.Wpf/Assets/Audio/Official/OL/spell/230shenhuangzhong/1skill1_1.mp3,https://web.sanguosha.com/220/h5_2/res/runtime/pc/voice/spell/230shenhuangzhong/1skill1_1.mp3
ol-91774a6d34d23a98b4ce84b48e9e0675d5fb98fcd481073cfbd0db7c7d468d20,sanguosha-ol-web,verified,司马懿,SiMaYiShen,,三狼吞魏*神司马懿,,no,skill,忍戒,小不忍则乱大谋。,208,20801,318;14192,src/CardGame.Wpf/Assets/Audio/Official/OL/spell/208shensimayi/3skill1_2.mp3,https://web.sanguosha.com/220/h5_2/res/runtime/pc/voice/spell/208shensimayi/3skill1_2.mp3
ol-91c9c1423ebc0140375bde59d144041b71a1bf745a91b9c69d77f22abf708d57,sanguosha-ol-web,verified,许攸,XuYouYin;XuYou;MouXuYou,,献计投曹*许攸 / 引君许都*许攸,,no,skill,寸目,寸光见底，目光如豆。,406;4073;719,40601;40605,816,src/CardGame.Wpf/Assets/Audio/Official/OL/spell/406xuyou/3skill3_2.mp3,https://web.sanguosha.com/220/h5_2/res/runtime/pc/voice/spell/406xuyou/3skill3_2.mp3
ol-91e58f77ad9b2e7d94aa7cbce19d0d89c3e9a2cf23e273d44c3fb564e6540a96,sanguosha-ol-web,verified,孙策,SunCe,sun-ce,OL 默认配音（皮肤未对应）,,no,skill,英姿,公瑾，助我决一死战！,54,-1,712,src/CardGame.Wpf/Assets/Audio/Official/OL/spell/54sunce/1skill4_1.mp3,https://web.sanguosha.com/220/h5_2/res/runtime/pc/voice/spell/54sunce/1skill4_1.mp3
ol-9224f535376fee64676c0d37439c689f10367f95202de058142d6990081e2302,sanguosha-ol-web,verified,许攸,XuYouYin;XuYou;MouXuYou,,献计投曹*许攸 / 引君许都*许攸,,no,skill,寸目,一寸之目，唯见井底！,406;4073;719,40601;40605,816,src/CardGame.Wpf/Assets/Audio/Official/OL/spell/406xuyou/3skill3_1.mp3,https://web.sanguosha.com/220/h5_2/res/runtime/pc/voice/spell/406xuyou/3skill3_1.mp3
ol-92285bfeb29b9fef1a5acf824724a43ed71c7c7f6b3b2db86af49c6f1aec3ce1,sanguosha-ol-web,verified,马良,MaLiang,,白眉智士*马良,,no,skill,自书,还有后招！,128,12801,383;3664,src/CardGame.Wpf/Assets/Audio/Official/OL/spell/128maliang/3skill1_1.mp3,https://web.sanguosha.com/220/h5_2/res/runtime/pc/voice/spell/128maliang/3skill1_1.mp3
ol-96e5b79bdf0e7d0ceeaa289b06ab4117fe4fe8e10669da52ebb46b2bcb58bd4b,sanguosha-ol-web,verified,徐盛,XuShengPo;JieXuShengPoker,,OL 默认配音（皮肤未对应）,,no,skill,破军,犯大吴疆土者，盛必击而破之,587;8045,-1,3389;46,src/CardGame.Wpf/Assets/Audio/Official/OL/spell/587jiexusheng/1skill1_1.mp3,https://web.sanguosha.com/220/h5_2/res/runtime/pc/voice/spell/587jiexusheng/1skill1_1.mp3
ol-9720eff6ad11d7d35c5a03c83c608a88c2438d2c40d04a3be41290131c64f4bd,sanguosha-ol-web,verified,张绣,ZhangXiu,,OL 默认配音（皮肤未对应）,,no,skill,雄乱,雄踞宛城，虽乱世可安。,415,-1,830,src/CardGame.Wpf/Assets/Audio/Official/OL/spell/415zhangxiu/1skill1_1.mp3,https://web.sanguosha.com/220/h5_2/res/runtime/pc/voice/spell/415zhangxiu/1skill1_1.mp3
ol-98c2755c72458dfcf71175b1f4e17ef7977a3b2000282039e0444328f8ca8617,sanguosha-ol-web,verified,曹昂,CaoAng,cao-ang,OL 默认配音（皮肤未对应）,,no,skill,慷忾,典将军，比比看谁杀敌更多！,122,-1,225,src/CardGame.Wpf/Assets/Audio/Official/OL/spell/122caoang/1skill1_1.mp3,https://web.sanguosha.com/220/h5_2/res/runtime/pc/voice/spell/122caoang/1skill1_1.mp3
ol-98d2b0047908de5b0a5759bd3464d0b0a12b09d5f7170191350b798402feb04a,sanguosha-ol-web,verified,神关羽,GuanYuShen,shen-guan-yu,OL 默认配音（皮肤未对应）,,no,skill,武魂,谁来与我同去？！,201,-1,302,src/CardGame.Wpf/Assets/Audio/Official/OL/spell/201shenguanyu/1skill2_2.mp3,https://web.sanguosha.com/220/h5_2/res/runtime/pc/voice/spell/201shenguanyu/1skill2_2.mp3
ol-992ab7f7bc06907f7936c3d8496b34b05ca378db1a02e1fcee68dc42eacc8da1,sanguosha-ol-web,verified,孙权,SunQuanShen,,同辉日月*神孙权,,no,skill,权道,天下至尊，岂容他人置喙？,226,22601,3140;3184,src/CardGame.Wpf/Assets/Audio/Official/OL/spell/226shensunquan/2skill6_2.mp3,https://web.sanguosha.com/220/h5_2/res/runtime/pc/voice/spell/226shensunquan/2skill6_2.mp3
ol-9cf95ddbbe91559c80f4996ed442c2549d37ddf1fc94e73f3ea4ba1ecb32a3f1,sanguosha-ol-web,verified,徐盛,XuSheng;XuShengPo;GuoZhanXuSheng,,独兵斫敌*徐盛,,no,death,,铁壁，终是……,158;587;2063,15806,,src/CardGame.Wpf/Assets/Audio/Official/OL/spell/158xusheng/5dead01.mp3,https://web.sanguosha.com/220/h5_2/res/runtime/pc/voice/spell/158xusheng/5dead01.mp3
ol-9d00c3f1f39606e50c8089ff5f0e4236c269909189ac6cfe0d1ae6c00af8c0b8,sanguosha-ol-web,verified,马良,MaLiang,,临渊细书*马良,,no,skill,应援,我的，也是你的。,128,12804,384,src/CardGame.Wpf/Assets/Audio/Official/OL/spell/128maliang/5skill2_2.mp3,https://web.sanguosha.com/220/h5_2/res/runtime/pc/voice/spell/128maliang/5skill2_2.mp3
ol-9f4586fa9015dbe80a74ff0fed1918280f90d4851050616ca609f669b6650c43,sanguosha-ol-web,verified,曹昂,CaoAng,cao-ang,OL 默认配音（皮肤未对应）,,no,skill,慷忾,父亲快走，有我殿后！,122,-1,225,src/CardGame.Wpf/Assets/Audio/Official/OL/spell/122caoang/1skill1_2.mp3,https://web.sanguosha.com/220/h5_2/res/runtime/pc/voice/spell/122caoang/1skill1_2.mp3
ol-9f6f7466f5118411fecf7331ecafde917d98d891499edcf3da894a8b28054547,sanguosha-ol-web,verified,司马懿,SiMaYiShen,,权控三势*神司马懿,,no,skill,放逐,为政不善，放逐驱之。,208,20802,106,src/CardGame.Wpf/Assets/Audio/Official/OL/spell/208shensimayi/4skill6_1.mp3,https://web.sanguosha.com/220/h5_2/res/runtime/pc/voice/spell/208shensimayi/4skill6_1.mp3
ol-9f8cf67ce7dabe9a09bee01181170e132b06ab858c1ef32153346d1f66003b43,sanguosha-ol-web,verified,关羽,GuanYu;GuanYuPo,,忠肝义胆*关羽 / 杯酒尚温*关羽,,no,skill,武圣,看尔乃插标卖首！,2;300;593,202;205,33;878;14204,src/CardGame.Wpf/Assets/Audio/Official/OL/spell/2guanyu/3skill1_1.mp3,https://web.sanguosha.com/220/h5_2/res/runtime/pc/voice/spell/2guanyu/3skill1_1.mp3
ol-a01d8c025de4703aa38161c0b069214929efce74ceddec4cd6d943ed1501e3c1,sanguosha-ol-web,verified,于吉,YuJiPo,,OL 默认配音（皮肤未对应）,,no,skill,缠怨,此咒甚重，怨念缠身。,449,-1,885,src/CardGame.Wpf/Assets/Audio/Official/OL/spell/449jieyuji/1skill2_2.mp3,https://web.sanguosha.com/220/h5_2/res/runtime/pc/voice/spell/449jieyuji/1skill2_2.mp3
ol-a05b11e0133430f4fa9ea356cdfeca3cf3886ecbe9cca1ec96c3c884e6cdc589,sanguosha-ol-web,verified,,,,,,no,card,,,,,1,src/CardGame.Wpf/Assets/Audio/Official/OL/spell/card/1.1.2.mp3,https://web.sanguosha.com/220/h5_2/res/runtime/pc/voice/spell/card/1.1.2.mp3
ol-a09960fc0e665b29b6711986b21512a6b9c3dc028306c2aebf4984733634abb3,sanguosha-ol-web,verified,孙策,SunCe;SunCePoker,sun-ce,OL 默认配音（皮肤未对应）,,no,skill,激昂,吾乃江东小霸王孙伯符！,54;8039,-1,130;40,src/CardGame.Wpf/Assets/Audio/Official/OL/spell/54sunce/1skill1_1.mp3,https://web.sanguosha.com/220/h5_2/res/runtime/pc/voice/spell/54sunce/1skill1_1.mp3
ol-a548cd1d4a17db2dd4b33bf2f826c1b111992edbabd8ad0f2f1dfd370ff889ea,sanguosha-ol-web,unmapped,,,,,,no,unmapped,,,,,,src/CardGame.Wpf/Assets/Audio/Official/OL/officer/jinpaiju.mp3,https://web.sanguosha.com/220/h5_2/res/runtime/pc/voice/officer/jinpaiju.mp3
ol-a6f9a498c3b6678ee578332fcfeae45b2edc3ad3a15eb37ac8bba6a3b891f753,sanguosha-ol-web,verified,神关羽,GuanYuShen,shen-guan-yu,链狱鬼神*神关羽,,no,skill,武魂,生当啖汝之肉！,201,20102,302,src/CardGame.Wpf/Assets/Audio/Official/OL/spell/201shenguanyu/4skill2_1.mp3,https://web.sanguosha.com/220/h5_2/res/runtime/pc/voice/spell/201shenguanyu/4skill2_1.mp3
ol-a71f6db6862c4d59d45b8859f7fb47b378b83393a07836fde6d0409ed44dc050,sanguosha-ol-web,verified,诸葛亮,ZhuGeLiangShen,,OL 默认配音（皮肤未对应）,,no,skill,狂风,风……起！,204,-1,308,src/CardGame.Wpf/Assets/Audio/Official/OL/spell/204shenzhugeliang/1skill2_1.mp3,https://web.sanguosha.com/220/h5_2/res/runtime/pc/voice/spell/204shenzhugeliang/1skill2_1.mp3
ol-a915548b15c11976e4863acfffb49e5668a9a25b7fcd9260f27843357c74e138,sanguosha-ol-web,verified,司马懿,SiMaYiShen,,三狼吞魏*神司马懿,,no,skill,完杀,杀一儆百，何人还敢放肆？,208,20801,117;9019;14177,src/CardGame.Wpf/Assets/Audio/Official/OL/spell/208shensimayi/3skill9_1.mp3,https://web.sanguosha.com/220/h5_2/res/runtime/pc/voice/spell/208shensimayi/3skill9_1.mp3
ol-a9ffa48ea8091ce1b2fef48b3a81acd19e33cba7461be86877bdbfb73cac87eb,sanguosha-ol-web,verified,马良,MaLiang,,OL 默认配音（皮肤未对应）,,no,skill,应援,好牌只用一次怎么够？,128,-1,384,src/CardGame.Wpf/Assets/Audio/Official/OL/spell/128maliang/1skill2_2.mp3,https://web.sanguosha.com/220/h5_2/res/runtime/pc/voice/spell/128maliang/1skill2_2.mp3
ol-ab59141ae6ccc142f28e2e7436c6865eb1d1ca41214ba804e2a03d104673deb2,sanguosha-ol-web,verified,吕布,MoLvBu,,OL 默认配音（皮肤未对应）,,no,skill,罡拳,罡风贯耳，为我战歌！,714,-1,3732,src/CardGame.Wpf/Assets/Audio/Official/OL/spell/714molvbu/1skill3_1.mp3,https://web.sanguosha.com/220/h5_2/res/runtime/pc/voice/spell/714molvbu/1skill3_1.mp3
ol-ace4b771883a74fe13ffa5295bdbeb3710cc4115c6356a58d9557c519df82b97,sanguosha-ol-web,verified,,,,,,no,card,,,,,6007;6008;6009;6010,src/CardGame.Wpf/Assets/Audio/Official/OL/spell/card/wuqi.mp3,https://web.sanguosha.com/220/h5_2/res/runtime/pc/voice/spell/card/wuqi.mp3
ol-ad0227064cfdb98c886304b8afa0fa294a68b15edd28b8636bf3b6846b49487a,sanguosha-ol-web,verified,甄姬,ZhenJiPo,,OL 默认配音（皮肤未对应）,,no,skill,洛神,屏翳[yì]收风，川后静波。,444,-1,875,src/CardGame.Wpf/Assets/Audio/Official/OL/spell/444jiezhenji/1skill1_2.mp3,https://web.sanguosha.com/220/h5_2/res/runtime/pc/voice/spell/444jiezhenji/1skill1_2.mp3
ol-af317f3b9350ac5a41f0d5e78814574b1ad257a722ce0f82d7113ae9b83fa368,sanguosha-ol-web,unmapped,,,,,,no,unmapped,,,,,,src/CardGame.Wpf/Assets/Audio/Official/OL/jinchang.mp3,https://web.sanguosha.com/220/h5_2/res/runtime/pc/voice/jinchang.mp3
ol-af55edfc97020d838af63105314e20931404459cec5d95f8fdb113f0d1c55edf,sanguosha-ol-web,unmapped,,,,,,no,unmapped,,,,,,src/CardGame.Wpf/Assets/Audio/Official/OL/spelleffect/3d_2_spell1.wav,https://web.sanguosha.com/220/h5_2/res/runtime/pc/voice/spelleffect/3d_2_spell1.ogg
ol-b1071e9da5268bd65e625403ee0847f4a619dac580c54a4d3ec4a779e835822a,sanguosha-ol-web,verified,诸葛亮,ZhuGeLiangShen,,OL 默认配音（皮肤未对应）,,no,skill,大雾,此非万全之策，惟惧天雷。,204,-1,309,src/CardGame.Wpf/Assets/Audio/Official/OL/spell/204shenzhugeliang/1skill3_2.mp3,https://web.sanguosha.com/220/h5_2/res/runtime/pc/voice/spell/204shenzhugeliang/1skill3_2.mp3
ol-b122e013e58db6a4e13702d7f41e219dd989f0cd45d21c8ffe02ac80f796686c,sanguosha-ol-web,verified,司马懿,SiMaYiShen,,OL 默认配音（皮肤未对应）,,no,skill,制衡,天之道，轮回也。,208,-1,872,src/CardGame.Wpf/Assets/Audio/Official/OL/spell/208shensimayi/1skill8_1.mp3,https://web.sanguosha.com/220/h5_2/res/runtime/pc/voice/spell/208shensimayi/1skill8_1.mp3
ol-b2292fc93ba13223ea09326b8f77048a8232249bce5e17104af087f8763baf6c,sanguosha-ol-web,verified,司马懿,SiMaYiShen,,OL 默认配音（皮肤未对应）,,no,skill,鬼才,老夫，即是天命！,208,-1,719,src/CardGame.Wpf/Assets/Audio/Official/OL/spell/208shensimayi/1skill5_1.mp3,https://web.sanguosha.com/220/h5_2/res/runtime/pc/voice/spell/208shensimayi/1skill5_1.mp3
ol-b2ab9e3af69ff1d6f3cec029a59f5da46b2ed8d0611288cbdb101dc71c8f82d2,sanguosha-ol-web,verified,马良,MaLiang,,白眉智士*马良,,no,skill,自书,不是我的东西，我都不要。,128,12801,383;3664,src/CardGame.Wpf/Assets/Audio/Official/OL/spell/128maliang/3skill1_2.mp3,https://web.sanguosha.com/220/h5_2/res/runtime/pc/voice/spell/128maliang/3skill1_2.mp3
ol-b4cd3c3d56f4a6b8eb2c406cea83f2ec2705e02d3244f96b7ac4a2afe5810c1e,sanguosha-ol-web,unmapped,,,,,,no,unmapped,,,,,,src/CardGame.Wpf/Assets/Audio/Official/OL/rogue1v1/ui_hufushop_free.mp3,https://web.sanguosha.com/220/h5_2/res/runtime/pc/voice/rogue1v1/ui_hufushop_free.mp3
ol-b67b0734530568a8d89f401466f035a726abe3b7b9f3ebf260c6cd5598e749df,sanguosha-ol-web,verified,于吉,YuJiPo,,OL 默认配音（皮肤未对应）,,no,skill,蛊惑,这牌，猜对了吗？,449,-1,884,src/CardGame.Wpf/Assets/Audio/Official/OL/spell/449jieyuji/1skill1_1.mp3,https://web.sanguosha.com/220/h5_2/res/runtime/pc/voice/spell/449jieyuji/1skill1_1.mp3
ol-b9049ee1eee2da28ba66652af36392efc4a93a3756e038a2bcd7e8a4ce2eb668,sanguosha-ol-web,verified,鲁肃,LuSu;LuSuPo;MouLuSu,,坦荡豪爽*鲁肃 / 众人之表*鲁肃,,no,death,,联盟是长远大计，切记，切记……咳咳~,49;485;718,4904;4905,,src/CardGame.Wpf/Assets/Audio/Official/OL/spell/49lusu/4dead01.mp3,https://web.sanguosha.com/220/h5_2/res/runtime/pc/voice/spell/49lusu/4dead01.mp3
ol-b96bfbad09238455e1386592a5004f76a14bf2d7158a45447b024c4dbbe97bfd,sanguosha-ol-web,unmapped,,,,,,no,unmapped,,,,,,src/CardGame.Wpf/Assets/Audio/Official/OL/bgm/bgm_shangbingfamou.mp3,https://web.sanguosha.com/220/h5_2/res/runtime/pc/voice/bgm/bgm_shangbingfamou.mp3
ol-b9d910def0764e8c4b6f383e5c8bec21627cb0f560923aaad9f05ec5dbacba96,sanguosha-ol-web,verified,吕布,MoLvBu,,OL 默认配音（皮肤未对应）,,no,skill,狂魔,蝼蚁，杀了解闷！,714,-1,3730,src/CardGame.Wpf/Assets/Audio/Official/OL/spell/714molvbu/1skill2_2.mp3,https://web.sanguosha.com/220/h5_2/res/runtime/pc/voice/spell/714molvbu/1skill2_2.mp3
ol-ba43afae8a25e45f64481562b046f21967ff9b04e464e72f7aeaf8d73d307593,sanguosha-ol-web,verified,孙策,SunCe;SunCePo,sun-ce,讨逆将军*孙策 / 情深意重*孙策 / 国色留符*孙策,,no,skill,制霸,策，全仗众将军了。请！,54;452,5404;5405;5408,132;897,src/CardGame.Wpf/Assets/Audio/Official/OL/spell/54sunce/4skill3_1.mp3,https://web.sanguosha.com/220/h5_2/res/runtime/pc/voice/spell/54sunce/4skill3_1.mp3
ol-ba5644d9ca44c6e2db7a694fc4df7472a813c7f60de638e4458f175d52fbf10e,sanguosha-ol-web,verified,司马懿,SiMaYiShen,,OL 默认配音（皮肤未对应）,,no,skill,集智,顺应天意，得道多助。,208,-1,870,src/CardGame.Wpf/Assets/Audio/Official/OL/spell/208shensimayi/1skill7_1.mp3,https://web.sanguosha.com/220/h5_2/res/runtime/pc/voice/spell/208shensimayi/1skill7_1.mp3
ol-bc2ca93d109b984a8f5dbad66455d1fd9d447ff315e4a666de8b86e7e2029c25,sanguosha-ol-web,verified,司马懿,SiMaYiShen,,OL 默认配音（皮肤未对应）,,no,skill,忍戒,忍一时风平浪静。,208,-1,318,src/CardGame.Wpf/Assets/Audio/Official/OL/spell/208shensimayi/1skill1_1.mp3,https://web.sanguosha.com/220/h5_2/res/runtime/pc/voice/spell/208shensimayi/1skill1_1.mp3
ol-bdd16d0b54011a4f382c796a4163ac032789c549796f6c7a4ea4ac9fdfde0181,sanguosha-ol-web,verified,,,,,,no,card,,,,,15,src/CardGame.Wpf/Assets/Audio/Official/OL/spell/card/15.1.2.mp3,https://web.sanguosha.com/220/h5_2/res/runtime/pc/voice/spell/card/15.1.2.mp3
ol-c2fc3ffc2111baa62e975e571f9dc50da2dc269324354a3155f5ba578e5c6539,sanguosha-ol-web,verified,关羽,GuanYu;GuanYuPoker,guan-yu,经典形象*关羽,100201,yes,skill,武圣,关羽在此，尔等受死！,2;8001,-1,33;2,src/CardGame.Wpf/Assets/Audio/Official/OL/spell/2guanyu/2skill1_1.mp3,https://web.sanguosha.com/220/h5_2/res/runtime/pc/voice/spell/2guanyu/2skill1_1.mp3
ol-c3221cc8d309d047fe5c494966f9cbed45bb2a40424a1bdb37736767c1fffb11,sanguosha-ol-web,verified,诸葛亮,ZhuGeLiangShen,,Q版形象*神诸葛亮 / 观星唤雨*神诸葛亮,,no,skill,大雾,大雾漫漫，惟惧天雷。,204,20401;20402,309,src/CardGame.Wpf/Assets/Audio/Official/OL/spell/204shenzhugeliang/3skill3_2.mp3,https://web.sanguosha.com/220/h5_2/res/runtime/pc/voice/spell/204shenzhugeliang/3skill3_2.mp3
ol-c36d83951c382c431fb4980e5c66318b3651a59bb6da820c7b91c1eacb01d4ee,sanguosha-ol-web,verified,徐盛,XuSheng;XuShengPo;GuoZhanXuSheng,,胆略器用*徐盛,,no,death,,攻守难顾，进退两难哪。,158;587;2063,15804,,src/CardGame.Wpf/Assets/Audio/Official/OL/spell/158xusheng/3dead01.mp3,https://web.sanguosha.com/220/h5_2/res/runtime/pc/voice/spell/158xusheng/3dead01.mp3
ol-c4ebc121ba41bf5b12fbabba51605f68cf986905a974fb7680c63256bb908da2,sanguosha-ol-web,verified,神关羽,GuanYuShen,shen-guan-yu,关帝之魂*神关羽,,no,skill,武神,鬼龙斩月刀！,201,20101,301,src/CardGame.Wpf/Assets/Audio/Official/OL/spell/201shenguanyu/3skill1_2.mp3,https://web.sanguosha.com/220/h5_2/res/runtime/pc/voice/spell/201shenguanyu/3skill1_2.mp3
ol-c68775853631756626e98a8133b0e5c82f81c09d6169b533684d2810f3dac4c2,sanguosha-ol-web,verified,吕布,LvBuShen,,战神金刚*神吕布,,no,skill,无前,修罗之征，岂留活口？,206,20601,314,src/CardGame.Wpf/Assets/Audio/Official/OL/spell/206shenlvbu/4skill3_2.mp3,https://web.sanguosha.com/220/h5_2/res/runtime/pc/voice/spell/206shenlvbu/4skill3_2.mp3
ol-c6a35cdbb31937a817d0ef710e89c298424dbaa6b781b60c11877a6702104fcb,sanguosha-ol-web,verified,司马懿,SiMaYiShen,,三狼吞魏*神司马懿,,no,skill,集智,天时不如地利，地利不如人和。,208,20801,39;870,src/CardGame.Wpf/Assets/Audio/Official/OL/spell/208shensimayi/3skill7_1.mp3,https://web.sanguosha.com/220/h5_2/res/runtime/pc/voice/spell/208shensimayi/3skill7_1.mp3
ol-c76fd63721afbfd026d3a19fa995456eb6b69f5e1c06ce1b263eaa9ef073deaa,sanguosha-ol-web,verified,曹昂,CaoAng,cao-ang,悍不畏死*曹昂,,no,death,,典将军，我先走一步……,122,12202,,src/CardGame.Wpf/Assets/Audio/Official/OL/spell/122caoang/3dead01.mp3,https://web.sanguosha.com/220/h5_2/res/runtime/pc/voice/spell/122caoang/3dead01.mp3
ol-c8fdd6cf0229d388aca6050ca4c718419216c797781c4538972d8813b1337325,sanguosha-ol-web,verified,,,,,,no,card,,,,,2055;6011;6013;6014;6015;6016,src/CardGame.Wpf/Assets/Audio/Official/OL/spell/card/fangju.mp3,https://web.sanguosha.com/220/h5_2/res/runtime/pc/voice/spell/card/fangju.mp3
ol-c9d880523dd9572769e31dc1b2a05b53eb0dac302fe6f32ecf98fafc31a98777,sanguosha-ol-web,verified,徐盛,XuShengPo,,OL 默认配音（皮肤未对应）,,no,death,,盛只恨，不能再为主公，破敌致胜了,587,-1,,src/CardGame.Wpf/Assets/Audio/Official/OL/spell/587jiexusheng/1dead01.mp3,https://web.sanguosha.com/220/h5_2/res/runtime/pc/voice/spell/587jiexusheng/1dead01.mp3
ol-ca0a4dd570a8f533005a7b34fac78881259f3a8508e12d776ba2d8f2a102e907,sanguosha-ol-web,unmapped,,,,,,no,unmapped,,,,,,src/CardGame.Wpf/Assets/Audio/Official/OL/spelleffect/3d_13_spell1.wav,https://web.sanguosha.com/220/h5_2/res/runtime/pc/voice/spelleffect/3d_13_spell1.ogg
ol-cfdc95a3c4f899e1f6a8b29b762947c859135db32c4d339b3d24be550ca7bf33,sanguosha-ol-web,verified,关兴张苞,GuanXingZhangBaoPo,,OL 默认配音（皮肤未对应）,,no,skill,武圣,水淹七军犹在目，今化陇上断后锋！,690,-1,878,src/CardGame.Wpf/Assets/Audio/Official/OL/spell/690jieguanxingzhangbao/1skill2_1.mp3,https://web.sanguosha.com/220/h5_2/res/runtime/pc/voice/spell/690jieguanxingzhangbao/1skill2_1.mp3
ol-d1a8ee349b0d064e84282baee3274034c56e6023f087e8d79cdf3e2600660f1e,sanguosha-ol-web,verified,司马懿,SiMaYiShen,,三狼吞魏*神司马懿,,no,skill,连破,一个接一个地倒下吧！,208,20801,320,src/CardGame.Wpf/Assets/Audio/Official/OL/spell/208shensimayi/3skill3_1.mp3,https://web.sanguosha.com/220/h5_2/res/runtime/pc/voice/spell/208shensimayi/3skill3_1.mp3
ol-d4f7ab84140897541b36b87c6f38c7171759f6964149804c34cbaf563ca1d395,sanguosha-ol-web,verified,吕布,MoLvBu,,OL 默认配音（皮肤未对应）,,no,skill,夺炁,你的胆气，一文不值！,714,-1,3731,src/CardGame.Wpf/Assets/Audio/Official/OL/spell/714molvbu/1skill1_1.mp3,https://web.sanguosha.com/220/h5_2/res/runtime/pc/voice/spell/714molvbu/1skill1_1.mp3
ol-d8147a4268db8653b45b95852f645436b630683f1c66b601a0486a7267a2ccea,sanguosha-ol-web,verified,,,,,,no,card,,,,,13,src/CardGame.Wpf/Assets/Audio/Official/OL/spell/card/13.1.1.mp3,https://web.sanguosha.com/220/h5_2/res/runtime/pc/voice/spell/card/13.1.1.mp3
ol-dc7397bf1b8eda34405e67f2aa99c44f92a186a2d410bfbd29ce101282d45b29,sanguosha-ol-web,verified,许攸,XuYouYin;XuYou;MouXuYou,,附势而为*许攸,,no,skill,成略,阿瞒有心问鼎，我当扫阶以待。,406;4073;719,40607,814,src/CardGame.Wpf/Assets/Audio/Official/OL/spell/406xuyou/7skill1_1_2.mp3,https://web.sanguosha.com/220/h5_2/res/runtime/pc/voice/spell/406xuyou/7skill1_1_2.mp3
ol-e15b2b59eaf0a164ff74eaf3c49579ba5f0be6178299a6e1c0ae4683588e068e,sanguosha-ol-web,unmapped,,,,,,no,unmapped,,,,,,src/CardGame.Wpf/Assets/Audio/Official/OL/jieshu.mp3,https://web.sanguosha.com/220/h5_2/res/runtime/pc/voice/jieshu.mp3
ol-e55f5a88e1c86ec5f0c1e02a3038dc14dd95af54504c485c8dbcee1423f369d2,sanguosha-ol-web,verified,张绣,ZhangXiu,,OL 默认配音（皮肤未对应）,,no,skill,从谏,从谏良计，可得自保。,415,-1,831,src/CardGame.Wpf/Assets/Audio/Official/OL/spell/415zhangxiu/1skill2_1.mp3,https://web.sanguosha.com/220/h5_2/res/runtime/pc/voice/spell/415zhangxiu/1skill2_1.mp3
ol-e57e8e60c4006b8eb71bade251e1057d1aa441f0c633758922d770e13b2bf2f0,sanguosha-ol-web,verified,,,,,,no,card,,,,,9,src/CardGame.Wpf/Assets/Audio/Official/OL/spell/card/9.1.1.mp3,https://web.sanguosha.com/220/h5_2/res/runtime/pc/voice/spell/card/9.1.1.mp3
ol-e7713627179ff108ee0e2f97d105c1b072f567903cb1eadf1bdfb1032982ca24,sanguosha-ol-web,verified,陆郁生,LuYuSheng,,橙黄橘丰*陆郁生,,no,death,,汝等逼之太急，不欲我生乎？,562,56204,,src/CardGame.Wpf/Assets/Audio/Official/OL/spell/562luyusheng/5dead01.mp3,https://web.sanguosha.com/220/h5_2/res/runtime/pc/voice/spell/562luyusheng/5dead01.mp3
ol-e78406af7e54c6db5a3bd2a873bde392aa474adeca3b047f627891c30a2e6a1a,sanguosha-ol-web,verified,黄忠,HuangZhongShen,,OL 默认配音（皮肤未对应）,,no,skill,化刃,从今往后，我便是刀，刀便是我,230,-1,7128,src/CardGame.Wpf/Assets/Audio/Official/OL/spell/230shenhuangzhong/1skill2_1.mp3,https://web.sanguosha.com/220/h5_2/res/runtime/pc/voice/spell/230shenhuangzhong/1skill2_1.mp3
ol-e80f2f84878f7d9d012ce31140ab0dbba5c6d2c822d5d206b60d3d0a81e736b4,sanguosha-ol-web,verified,吕布,MoLvBu,,渊狱之煞*魔吕布,,no,skill,狂魔,万般恶业，早已加诸我身。,714,71401,3730,src/CardGame.Wpf/Assets/Audio/Official/OL/spell/714molvbu/2skill2_1.mp3,https://web.sanguosha.com/220/h5_2/res/runtime/pc/voice/spell/714molvbu/2skill2_1.mp3
ol-ea43b5bd44e8d7a50dc71297ce2649c810bdf4f759002c51650c6fa96dcda58f,sanguosha-ol-web,verified,,,,,,no,lobby,,,,,,src/CardGame.Wpf/Assets/Audio/Official/OL/bgm/BackGroundMusic01.mp3,https://web.sanguosha.com/220/h5_2/res/runtime/pc/voice/bgm/BackGroundMusic01.mp3
ol-eb7dfc98a4bbb01dc64ff633fd1191e37e629e8aed3cbcdafa1fb70bbaecb47a,sanguosha-ol-web,verified,,,,,,no,card,,,,,83,src/CardGame.Wpf/Assets/Audio/Official/OL/spell/card/83.1.1.mp3,https://web.sanguosha.com/220/h5_2/res/runtime/pc/voice/spell/card/83.1.1.mp3
ol-ecff46243b97e7c68d492a16d8aeb2b52f34aab00f661124d9c055ee13453d4b,sanguosha-ol-web,verified,贾诩,JiaXu;JiaXuPo,jia-xu,谋定天下*贾诩,,no,skill,完杀,你们的挣扎，不过是苟延残喘罢了。,48;484;663,4807,117;9019;14177,src/CardGame.Wpf/Assets/Audio/Official/OL/spell/48jiaxu/6skill1_1.mp3,https://web.sanguosha.com/220/h5_2/res/runtime/pc/voice/spell/48jiaxu/6skill1_1.mp3
ol-edc3fae5ece71a689f80e1100caa63af7c74bca4431574b15a94723db5f86779,sanguosha-ol-web,verified,司马懿,SiMaYiShen,,权控三势*神司马懿,,no,skill,制衡,审时度[duó]势，以制衡天下。,208,20802,53;872;14149;3979;3994,src/CardGame.Wpf/Assets/Audio/Official/OL/spell/208shensimayi/4skill8_1.mp3,https://web.sanguosha.com/220/h5_2/res/runtime/pc/voice/spell/208shensimayi/4skill8_1.mp3
ol-f01191590fff0bd3494317ed9518be360003d649d2b3256d72aaf5fb155f6e2b,sanguosha-ol-web,verified,许攸,XuYouYin;XuYou;MouXuYou,,献计投曹*许攸 / 引君许都*许攸,,no,skill,恃才,袁本初若信我，怎会如此！,406;4073;719,40601;40605,815;1176;14163,src/CardGame.Wpf/Assets/Audio/Official/OL/spell/406xuyou/3skill2_2.mp3,https://web.sanguosha.com/220/h5_2/res/runtime/pc/voice/spell/406xuyou/3skill2_2.mp3
ol-f1064f86cd97f72b68b5175e9037612378831ffdfa14cdc91741e825916ef068,sanguosha-ol-web,unmapped,,,,,,no,unmapped,,,,,,src/CardGame.Wpf/Assets/Audio/Official/OL/bgm/xbg_bgm.mp3,https://web.sanguosha.com/220/h5_2/res/runtime/pc/voice/bgm/xbg_bgm.mp3
ol-f11fa2a9779efa95acef5f09f2687b1544c5a7f386f486f86064e0212ef48fb1,sanguosha-ol-web,verified,许攸,XuYouYin,,OL 默认配音（皮肤未对应）,,no,skill,成略,成略在胸，良计速出。,406,-1,814,src/CardGame.Wpf/Assets/Audio/Official/OL/spell/406xuyou/1skill1_1.mp3,https://web.sanguosha.com/220/h5_2/res/runtime/pc/voice/spell/406xuyou/1skill1_1.mp3
ol-f1bdc7f475f2d1c8271e9eb0e070bf9472fb865a4458e0ceb49c6a7f852a0e45,sanguosha-ol-web,verified,大乔,DaQiaoPo;DaQiao,da-qiao,花好月圆*界大乔,,no,skill,国色,江东春暖，不妨多住几日。,309;13,30903,60;714,src/CardGame.Wpf/Assets/Audio/Official/OL/spell/309jiedaqiao/4skill1_1.mp3,https://web.sanguosha.com/220/h5_2/res/runtime/pc/voice/spell/309jiedaqiao/4skill1_1.mp3
ol-f28cfe34e667903ddaaab7eebd8e94f140d76a776ddf048b16731a20d3aac6fd,sanguosha-ol-web,verified,司马懿,SiMaYiShen,,权控三势*神司马懿,,no,skill,连破,将士奋威，乘胜而击。,208,20802,320,src/CardGame.Wpf/Assets/Audio/Official/OL/spell/208shensimayi/4skill3_1.mp3,https://web.sanguosha.com/220/h5_2/res/runtime/pc/voice/spell/208shensimayi/4skill3_1.mp3
ol-f2cd62af089252b6d9598082d84a5a369c6adc04fe15b2aa39b3efe0cf39a859,sanguosha-ol-web,unmapped,,,,,,no,unmapped,,,,,,src/CardGame.Wpf/Assets/Audio/Official/OL/button.mp3,https://web.sanguosha.com/220/h5_2/res/runtime/pc/voice/button.mp3
ol-f2fe686fa3006c5eb7b9ecfa8abe2856c0a88d0cd5965ee442eb22553002dbe6,sanguosha-ol-web,verified,许攸,XuYouYin;XuYou;MouXuYou,,计策已施*许攸,,no,skill,成略,敌之配备，吾之所需，攸安能不晓？,406;4073;719,40602,814,src/CardGame.Wpf/Assets/Audio/Official/OL/spell/406xuyou/4skill1_2.mp3,https://web.sanguosha.com/220/h5_2/res/runtime/pc/voice/spell/406xuyou/4skill1_2.mp3
ol-f768fb5c36fa78fd2fe3909a44997d349d422b84cd6488b258af5e5db6c0a40c,sanguosha-ol-web,verified,刘备,LiuBei;LiuBeiPoker,liu-bei,经典形象*刘备,100101,yes,skill,仁德,惟贤惟德，能服于人。,1;8000,-1,31;699;1,src/CardGame.Wpf/Assets/Audio/Official/OL/verified-samples/liu-bei/2skill1_1.mp3,https://web.sanguosha.com/220/h5_2/res/runtime/pc/voice/spell/1liubei/2skill1_1.mp3
ol-f93674d8efb6ceb00bb01743f65ef587cafa3921b1cc2874af94f334cfc6b1a2,sanguosha-ol-web,verified,孙权,SunQuanShen,,同辉日月*神孙权,,no,death,,偏安一隅，何日可君临天下？,226,22601,,src/CardGame.Wpf/Assets/Audio/Official/OL/spell/226shensunquan/2dead01.mp3,https://web.sanguosha.com/220/h5_2/res/runtime/pc/voice/spell/226shensunquan/2dead01.mp3
ol-fb17f45003838ec8aff0eba283e50bc1ccbb35cff9b6d61a215350960fa2756f,sanguosha-ol-web,verified,,,,,,no,card,,,,,1,src/CardGame.Wpf/Assets/Audio/Official/OL/spell/card/1.1.2.7.mp3,https://web.sanguosha.com/220/h5_2/res/runtime/pc/voice/spell/card/1.1.2.7.mp3
ol-fb69df4d6627ca07d719c4a45fe5d0bef1ee158d087d102c6f1a7c4824ac7382,sanguosha-ol-web,verified,神关羽,GuanYuShen,shen-guan-yu,关帝之魂*神关羽,,no,skill,武神,千里追魂，一刀索命！,201,20101,301,src/CardGame.Wpf/Assets/Audio/Official/OL/spell/201shenguanyu/3skill1_1.mp3,https://web.sanguosha.com/220/h5_2/res/runtime/pc/voice/spell/201shenguanyu/3skill1_1.mp3
ol-fc5c47404c53d0a3c0401cf4f41e6aef5d7f2c54dfe196e3843ba4447c45619a,sanguosha-ol-web,verified,于吉,YuJiPo,,OL 默认配音（皮肤未对应）,,no,skill,缠怨,不信吾法，无福之缘。,449,-1,885,src/CardGame.Wpf/Assets/Audio/Official/OL/spell/449jieyuji/1skill2_1.mp3,https://web.sanguosha.com/220/h5_2/res/runtime/pc/voice/spell/449jieyuji/1skill2_1.mp3
ol-fcba82ada7dd40a1b5f915b5d4593e0468c744fe404cc77ee99d0bf96558d2e4,sanguosha-ol-web,verified,许攸,XuYouYin;XuYou;MouXuYou,,附势而为*许攸,,no,skill,恃才,镇乌桓，吞青幽，连郡千里，基业有我三分。,406;4073;719,40607,815;1176;14163,src/CardGame.Wpf/Assets/Audio/Official/OL/spell/406xuyou/7skill2_1.mp3,https://web.sanguosha.com/220/h5_2/res/runtime/pc/voice/spell/406xuyou/7skill2_1.mp3
ol-fd3c117575fd4adc4406aa1f6e35a5e10be77f508b9a16fb8721f215af6a80d9,sanguosha-ol-web,unmapped,,,,,,no,unmapped,,,,,,src/CardGame.Wpf/Assets/Audio/Official/OL/rogue1v1/ui_danjws_award.mp3,https://web.sanguosha.com/220/h5_2/res/runtime/pc/voice/rogue1v1/ui_danjws_award.mp3
ol-fdbc1d563b52b0857bf7b8f52830c4187314f4bb023ae091d195f03f40a21413,sanguosha-ol-web,verified,孙鲁育,SunLuYu,,OL 默认配音（皮肤未对应）,,no,skill,魅步,萧墙之乱，宫闱之衅，|实为吴国之祸啊！,135,-1,246,src/CardGame.Wpf/Assets/Audio/Official/OL/spell/135sunluyu/1skill1_1.mp3,https://web.sanguosha.com/220/h5_2/res/runtime/pc/voice/spell/135sunluyu/1skill1_1.mp3
ol-fe36b0bd4c49a4ad9f3c40d3e8a0b4bbe722ac188d1a8e886d7f7e3288a2b6ae,sanguosha-ol-web,verified,关羽,GuanYu;GuanYuPo,,威震华夏*关羽,,no,skill,武圣,竭毕生之力，保汉室不颓。,2;300;593,203,33;878;14204,src/CardGame.Wpf/Assets/Audio/Official/OL/spell/2guanyu/4skill1_1.mp3,https://web.sanguosha.com/220/h5_2/res/runtime/pc/voice/spell/2guanyu/4skill1_1.mp3
ol-fe8399217a5bf4fb81f40ac3724dd6dfacebf3de70fa2413eb5c31120531ca16,sanguosha-ol-web,verified,麹义,QuYi,,连战冲阵*麹义,,no,skill,伏骑,白马？不足挂齿！,374,37401,374;14170,src/CardGame.Wpf/Assets/Audio/Official/OL/spell/374quyi/3skill1_2.mp3,https://web.sanguosha.com/220/h5_2/res/runtime/pc/voice/spell/374quyi/3skill1_2.mp3
ol-feeebe9dba2330e19e1cac9d220baf4d43e4f3663d50eb0347872f8066e42bb6,sanguosha-ol-web,unmapped,,,,,,no,unmapped,,,,,,src/CardGame.Wpf/Assets/Audio/Official/OL/spelleffect/3d_1_level1_0.wav,https://web.sanguosha.com/220/h5_2/res/runtime/pc/voice/spelleffect/3d_1_level1_0.ogg
yjcm-32a4eebea26665a4511544e2f02d828b57cb18b0354cba20316a6d84559bbd9e,yijianchengming-hero-site,verified,曹昂,,cao-ang,临危不乱*曹昂,240401,yes,skill,慷忾,典将军，比比看谁杀敌更多！,,,,src/CardGame.Wpf/Assets/Audio/Official/YJCM/cao-ang/shared-classic-and-lin-wei-bu-luan/CaoAng_KangKai_01.mp3,https://web.sanguosha.com/10/pc/res/assets/runtime/voice/skin/caoang01/CaoAng_KangKai_01.mp3
yjcm-32a4eebea26665a4511544e2f02d828b57cb18b0354cba20316a6d84559bbd9e,yijianchengming-hero-site,verified,曹昂,,cao-ang,经典形象*曹昂,140401,yes,skill,慷忾,典将军，比比看谁杀敌更多！,,,,src/CardGame.Wpf/Assets/Audio/Official/YJCM/cao-ang/shared-classic-and-lin-wei-bu-luan/CaoAng_KangKai_01.mp3,https://web.sanguosha.com/10/pc/res/assets/runtime/voice/skin/caoang01/CaoAng_KangKai_01.mp3
yjcm-b1167bb9c3567f844306d6bfbcde58036684c4017e512a757c791afbcd905127,yijianchengming-hero-site,verified,曹昂,,cao-ang,临危不乱*曹昂,240401,yes,skill,慷忾,父亲快走，有我殿后！,,,,src/CardGame.Wpf/Assets/Audio/Official/YJCM/cao-ang/shared-classic-and-lin-wei-bu-luan/CaoAng_KangKai_02.mp3,https://web.sanguosha.com/10/pc/res/assets/runtime/voice/skin/caoang01/CaoAng_KangKai_02.mp3
yjcm-b1167bb9c3567f844306d6bfbcde58036684c4017e512a757c791afbcd905127,yijianchengming-hero-site,verified,曹昂,,cao-ang,经典形象*曹昂,140401,yes,skill,慷忾,父亲快走，有我殿后！,,,,src/CardGame.Wpf/Assets/Audio/Official/YJCM/cao-ang/shared-classic-and-lin-wei-bu-luan/CaoAng_KangKai_02.mp3,https://web.sanguosha.com/10/pc/res/assets/runtime/voice/skin/caoang01/CaoAng_KangKai_02.mp3
yjcm-bcf0ace6ef58f0429854707ac3c107a4664929f94e3eb1b8c735315a3e992474,yijianchengming-hero-site,verified,马岱,,ma-dai,界限突破*马岱,193701,yes,skill,潜袭,暗隐深处，袭敌斩首！,,,,src/CardGame.Wpf/Assets/Audio/Official/YJCM/ma-dai/193701/MaDai_QianXi_01.mp3,https://web.sanguosha.com/10/pc/res/assets/runtime/voice/skin/madai06/MaDai_QianXi_01.mp3
yjcm-f2af568bf98fe8a8a028e2c35bbcfe998747265777fb828981689e8cf27c1885,yijianchengming-hero-site,verified,马岱,,ma-dai,经典形象*马岱,130101,yes,skill,潜袭,喊什么喊，我敢杀你。,,,,src/CardGame.Wpf/Assets/Audio/Official/YJCM/ma-dai/130101/spell474_1.mp3,https://web.sanguosha.com/10/pc/res/assets/runtime/voice/skin/1-spell/spell474_1.mp3
